en,de,description,file,hash
"Click to load a new captcha","Bitte anklicken, um ein neues Captcha zu laden",,site/modules/FrontendForms/Formelements/Captcha/AbstractCaptcha.php,b52dc33684da9e3d394738b7d0dd2725
"Reload image","Bild neu laden",,site/modules/FrontendForms/Formelements/Captcha/AbstractCaptcha.php,7c89feb583d9e778c3533017b111263d
Captcha,=,,site/modules/FrontendForms/Formelements/Captcha/AbstractCaptcha.php,45d048c35e3cfd449dc0a1b503cd103a
"Please select what you see in the image above.","Bitte wählen Sie aus, was sie im Bild oberhalb sehen.",,site/modules/FrontendForms/Formelements/Captcha/AbstractImageCaptcha.php,118f3464042a036c52a1087e923a307e
Animal,Tier,,site/modules/FrontendForms/Formelements/Captcha/AbstractImageCaptcha.php,161e7ce7bfdc89ab4b9f52c1d4c94212
Car,Auto,,site/modules/FrontendForms/Formelements/Captcha/AbstractImageCaptcha.php,e9989db5dabeea617f40c8dbfd07f5fb
Flower,Blume,,site/modules/FrontendForms/Formelements/Captcha/AbstractImageCaptcha.php,338d1f8007f0c84287d9963d5ea36aeb
House,Haus,,site/modules/FrontendForms/Formelements/Captcha/AbstractImageCaptcha.php,aebfe46795575772b7cf413e25caeab9
Lake,See,,site/modules/FrontendForms/Formelements/Captcha/AbstractImageCaptcha.php,bc03219e367d3a4b7b1758c8af598174
Mountain,Berg,,site/modules/FrontendForms/Formelements/Captcha/AbstractImageCaptcha.php,ec9903c79dd510ffa43f69ee867a9002
Tree,Baum,,site/modules/FrontendForms/Formelements/Captcha/AbstractImageCaptcha.php,3b0c14770e6bd663518496da60f524da
"CAPTCHA field for SPAM protection","CAPTCHA als SPAM-Schutz",,site/modules/FrontendForms/Formelements/Captcha/AbstractImageCaptcha.php,2caf429ed0a858c9cb2b6456d1914fe1
"I am a human","Ich bin ein Mensch",,site/modules/FrontendForms/Formelements/Captcha/AbstractSliderCaptcha.php,da1e1af671e5b51f10c9fe3f494fbb3f
"This file is not a TrueType font file.","Diese Datei ist keine TrueType Schriftart Datei.",,site/modules/FrontendForms/Formelements/Captcha/AbstractTextCaptcha.php,ad1ca00ca558c196b2ffa224309706e4
"This file does not exist under the specified path","Diese Datei existiert nicht unter dem angegebenen Pfad",,site/modules/FrontendForms/Formelements/Captcha/AbstractTextCaptcha.php,d472945618bae0b84ca5082c7d916966
"Captcha field for security","CAPTCHA Sicherheitsabfrage",,site/modules/FrontendForms/Formelements/Captcha/AbstractTextCaptcha.php,f985413aacdc4d6e125cd3b6fb2a3eae
Send,Senden,,site/modules/FrontendForms/Formelements/Miscellaneous/Button.php,94966d90747b97d1f0f206c98a8b1ac3
"Image captcha","Bild CAPTCHA",,site/modules/FrontendForms/Formelements/Captcha/variants/DefaultImageCaptcha.php,1e27db1c7a9a959ca4cd75964525fa2d
"Assign the image to a category","Ordnen sie das Bild einer Kategorie zu",,site/modules/FrontendForms/Formelements/Captcha/variants/DefaultImageCaptcha.php,5972e22698d0e9faba6397ce1b6b6f74
"Random string captcha","Zufallstext Captcha",,site/modules/FrontendForms/Formelements/Captcha/variants/DefaultTextCaptcha.php,7c62e8d4b13ecc03f28bb44905a5ec51
"Enter the text from the image in the input field.","Geben Sie den Text aus dem Bild in das Eingabefeld ein.",,site/modules/FrontendForms/Formelements/Captcha/variants/DefaultTextCaptcha.php,3c6c9439c3e38d0da29b7629a300c3c5
"Invalid IP address.","Ungültige IP-Adresse.",,site/modules/FrontendForms/detail-view.php,f205af72fc73d929c2b095bb1f05b692
"More information about %s","Zusätzliche Informationen über %s",,site/modules/FrontendForms/detail-view.php,77c41ffdf7bebe6e2f1896cf8ae78a73
"Geo location","Geographischer Standort",,site/modules/FrontendForms/detail-view.php,0f66316eff804ffa836d2214d80f3756
Country,Land,,site/modules/FrontendForms/detail-view.php,59716c97497eb9694541f7c3d37b1a4d
Region,=,,site/modules/FrontendForms/detail-view.php,f447ac856e7e72435904956e3b15f433
City,Stadt,,site/modules/FrontendForms/detail-view.php,57d056ed0984166336b7879c2af3657f
"We are sorry, but ip-api.com does not have any information about this IP address.","Es tut uns leid, aber ip-api.com hat keine Informationen über diese IP-Adresse.",,site/modules/FrontendForms/detail-view.php,ac598c39fd0d78fb3eff40b3a5b5cbbd
Email,E-Mail,,site/modules/FrontendForms/Formelements/Inputelements/Inputs/defaults/Email.php,ce8ae9da5b7cd6c3df2929543a9af92d
"contains non-ascii characters.","enthält Nicht-ASCII-Zeichen.",,site/modules/FrontendForms/valitron/errormessages.php,2e6530ea732a56c9eed09d995a64be55
"is required.","ist erforderlich.",,site/modules/FrontendForms/valitron/errormessages.php,ee66f9c9930cb33d2a5dde9b240d3f7e
"must be the same as %s.","muss mit %s identisch sein.",,site/modules/FrontendForms/valitron/errormessages.php,c3e99e59b3b51e343792bdf6ce436df9
"must be different than %s.","muss sich von %s unterscheiden.",,site/modules/FrontendForms/valitron/errormessages.php,61cfe2e511129ea95796b676de390540
"must be accepted.","muss akzeptiert werden.",,site/modules/FrontendForms/valitron/errormessages.php,5ff975f896afc1a3d44f7e5cf2523562
"must be numeric.","muss numerisch sein.",,site/modules/FrontendForms/valitron/errormessages.php,75872da653850e5b56523af104ac02ad
"must be an integer.","muss eine Ganzzahl sein.",,site/modules/FrontendForms/valitron/errormessages.php,81495f3842f92cd64795702e235405e6
"must be %s characters long.","muss %s Zeichen lang sein.",,site/modules/FrontendForms/valitron/errormessages.php,f87f5f2581a89c78c83ac7f3aed4f44d
"must be at least %s.","muss größer als %s sein.",,site/modules/FrontendForms/valitron/errormessages.php,b51bf268215336cb80ace35cff438844
"must be no more than %s.","muss kleiner als %s sein.",,site/modules/FrontendForms/valitron/errormessages.php,0691a08af1a152688286eb8add501c7a
"contains invalid value.","enthält einen ungültigen Wert.",,site/modules/FrontendForms/valitron/errormessages.php,803beb393544dd8a3ab29e2691b80f30
"is not a valid IP address.","ist keine gültige IP-Adresse.",,site/modules/FrontendForms/valitron/errormessages.php,f67e06439cbd618893452c020dbc1f84
"is not a valid IPv4 address.","ist keine gültige IPv4-Adresse.",,site/modules/FrontendForms/valitron/errormessages.php,1217bb805238358651e226239f031863
"is not a valid IPv6 address.","ist keine gültige IPv6-Adresse.",,site/modules/FrontendForms/valitron/errormessages.php,58f0671d229a1a23c95be8cc20636dc9
"is not a valid email address.","ist keine gültige E-Mail-Adresse.",,site/modules/FrontendForms/valitron/errormessages.php,89d61ec4bae366d43110c39f661a67e7
"is not a valid email address, because an active DNS record could not be found.","ist keine gültige E-Mail-Adresse, da kein aktiver DNS-Eintrag gefunden werden konnte.",,site/modules/FrontendForms/valitron/errormessages.php,e16866d3a2aeb2dd82f0ac06e67abf99
"is not a valid URL.","ist keine gültige URL.",,site/modules/FrontendForms/valitron/errormessages.php,9c5e4caaddc4981285aef0c974929410
"must be an active domain.","muss eine aktive Domäne sein.",,site/modules/FrontendForms/valitron/errormessages.php,405af4194051a23541c1e05ee21d5fde
"must contain only letters a-z.","darf nur Buchstaben enthalten.",,site/modules/FrontendForms/valitron/errormessages.php,6fa45c5bcf153f480b9281dd1869a75c
"must contain only letters a-z and/or numbers 0-9.","darf nur Buchstaben und/oder die Ziffern 0-9 enthalten.",,site/modules/FrontendForms/valitron/errormessages.php,4c2a73271ed51ceba27bb5d6a19bad5e
"must contain only letters a-z, numbers 0-9, dashes and underscores.","darf nur die Buchstaben, Ziffern von 0-9, Bindestriche und Unterstriche enthalten.",,site/modules/FrontendForms/valitron/errormessages.php,8f4e0f444527dd742530675c121c03d5
"contains invalid characters.","enthält ungültige Zeichen.",,site/modules/FrontendForms/valitron/errormessages.php,e58b6d2840b3789206a02fbde99a0b8e
"is not a valid date.","ist kein gültiges Datum.",,site/modules/FrontendForms/valitron/errormessages.php,38ec50423094dafeb375e91cdd2465db
"must be a date in the format %s.","muss ein Datum im Format %s sein.",,site/modules/FrontendForms/valitron/errormessages.php,ab2918e64139bf4338d017157fd502bb
"must be a date before %s.","muss ein Datum vor %s sein.",,site/modules/FrontendForms/valitron/errormessages.php,d8a0511946c3db07a440988df95a5886
"must be a date after %s.","muss ein Datum nach %s sein.",,site/modules/FrontendForms/valitron/errormessages.php,df46f2ba544e38477259e7543ae35656
"must contain %s.","muss %s enthalten.",,site/modules/FrontendForms/valitron/errormessages.php,ca2cf8d958faf269597e9ed8a17f2e8a
"must be a boolean.","muss ein Wahrheitswert sein.",,site/modules/FrontendForms/valitron/errormessages.php,4776fea62d0eb6aad4b7b407f94577f7
"must be between %s and %s characters.","muss zwischen %s und %s Zeichen lang sein.",,site/modules/FrontendForms/valitron/errormessages.php,496a6f57f86df1a3dca456809557ce2d
"must be a valid credit card number.","muss eine gültige Kreditkartennummer sein.",,site/modules/FrontendForms/valitron/errormessages.php,da8c3186551908c612175e3fd131008c
"must be at least %s characters long.","muss mindestens %s Zeichen lang sein.",,site/modules/FrontendForms/valitron/errormessages.php,e182229cb2673058e47817337b731535
"must not exceed %s characters.","darf %s Zeichen nicht überschreiten.",,site/modules/FrontendForms/valitron/errormessages.php,0469824161acd62b71bbb34072cb7bcb
"must be an instance of %s.","muss eine Instanz von %s sein.",,site/modules/FrontendForms/valitron/errormessages.php,f5af264fb5c442dc9766f1984f2d8692
"must contain unique elements only.","darf nur einzigartige Elemente enthalten.",,site/modules/FrontendForms/valitron/errormessages.php,76117bca0e24c5caf8645279712c42a6
"contains an item that is not in the list.","enthält ein Element, welches nicht in der Liste enthalten ist.",,site/modules/FrontendForms/valitron/errormessages.php,3fb8919799ddfdba930fbb44f484fbd1
"does not contain all required keys.","enthält nicht alle erforderlichen Schlüssel.",,site/modules/FrontendForms/valitron/errormessages.php,3f27bc263791779a69e946f06e55bf8d
"Even string captcha","Jedes zweite Zeichen Captcha",,site/modules/FrontendForms/Formelements/Captcha/variants/EvenCharacterTextCaptcha.php,07919a26035f7d7aaec32087cc2c0b4d
"Enter every second character of the text from the image in the input field.","Geben Sie jedes zweite Zeichen vom Text aus dem Bild in das Eingabefeld ein.",,site/modules/FrontendForms/Formelements/Captcha/variants/EvenCharacterTextCaptcha.php,923fb30f185465aa974330e30a9a97c7
"Upload multiple files","Laden Sie mehrere Dateien hoch",,site/modules/FrontendForms/Formelements/Inputelements/Inputs/defaults/FileUploadMultiple.php,c837009ce96fdfc1615d310bc667f996
"Upload single file","Laden Sie eine Datei hoch",,site/modules/FrontendForms/Formelements/Inputelements/Inputs/defaults/FileUploadSingle.php,e14f1d680e8b3d40bc2744468332eb46
"Please be patient... the form will be validated!","Bitte haben Sie etwas Geduld... Das Formular wird geprüft!",,site/modules/FrontendForms/Formelements/Form.php,e4e8a61a31a079875c2721207825142e
n/a,k.A.,,site/modules/FrontendForms/Formelements/Form.php,274b68192b056e268f128ff63bfcd4a4
Domain,=,,site/modules/FrontendForms/Formelements/Form.php,eae639a70006feff484a39363c977e24
"Visited page","Besuchte Seite",,site/modules/FrontendForms/Formelements/Form.php,1148d7bddfe056b3cc5a4fcf68227d19
IP,=,,site/modules/FrontendForms/Formelements/Form.php,a12a3079e14ced46e69ba52b8a90b21a
Date/time,Datum/Zeit,,site/modules/FrontendForms/Formelements/Form.php,b6e43da299780697382d42fc98d3959c
Time,Zeit,,site/modules/FrontendForms/Formelements/Form.php,a76d4ef5f3f6a672bbfab2865563e530
Date,Datum,,site/modules/FrontendForms/Formelements/Form.php,44749712dbec183e983dcd78a7736c41
Username,Benutzername,,site/modules/FrontendForms/Formelements/Form.php,f6039d44b29456b20f8f373155ae4973
Browser,=,,site/modules/FrontendForms/Formelements/Form.php,ef15fd2f45e6bb5ce57587895ba64f93
"This is an auto generated message, please do not reply.","Dies ist eine automatisch generierte Nachricht. Bitte antworten sie nicht darauf.",,site/modules/FrontendForms/Formelements/Form.php,665de5f0541888cc1c06e12ad167e513
"%s is not a valid IP address.","%s ist keine gültige IP-Adresse",,site/modules/FrontendForms/Formelements/Form.php,cae724dd18de0c8ca83d1e05bc546dbd
"All fields marked with (*) are mandatory and must be completed.","Alle Felder, welche mit (*) markiert sind, stellen Pflichtfelder dar und müssen in jeden Fall ausgefüllt werden.",,site/modules/FrontendForms/Formelements/Form.php,feaed8b52507d421a9953e0a9ec9a687
"Thank you for your message.","Vielen Dank für Ihre Nachricht.",,site/modules/FrontendForms/Formelements/Form.php,a0e0f33630289d49200c61cac7900200
"Sorry, some errors occur. Please check your inputs once more.","Es sind leider Fehler aufgetreten. Bitte überprüfen Sie Ihre Eingaben noch einmal.",,site/modules/FrontendForms/Formelements/Form.php,552663e8ba6eb0a7c5c16727f8d19bcc
Previous,zurück,,site/modules/FrontendForms/Formelements/Form.php,dd1f775e443ff3b9a89270713580a51b
Next,weiter,,site/modules/FrontendForms/Formelements/Form.php,10ac3d04253ef7e1ddc73e6091c0cd55
"The answer is wrong!","Die Antwort ist falsch!",,site/modules/FrontendForms/Formelements/Form.php,a3d9ae2d065e5a27c531a7dacd1735a4
"The Slider-Captcha was not solved correctly.","Das Slider-Captcha wurde nicht richtig gelöst.",,site/modules/FrontendForms/Formelements/Form.php,85b79eefe57522eeae18cd39fb97837a
"The CAPTCHA",CAPTCHA,,site/modules/FrontendForms/Formelements/Form.php,d057415baac33355d5a125df279bd512
attempts,Versuche,,site/modules/FrontendForms/Formelements/Form.php,79845fb11e473b1a0811ca2543f04b9c
attempt,Versuch,,site/modules/FrontendForms/Formelements/Form.php,1db222fece0e7454c122788bf892adf8
"You have %s %s left until you will be blocked due to security reasons.","Sie haben noch %s %s übrig, bis Sie aus Sicherheitsgründen gesperrt werden.",,site/modules/FrontendForms/Formelements/Form.php,45010ad705310127fdc90740a9ffd232
"This is failed attempt number %s. This is your last attempt to send the form. After that you will be blocked due to security reasons.","Dies ist Fehlversuch %s. Sie haben noch einen Versuch das Formular erfolgreich abzusenden. Danach werden Sie aus Sicherheitsgründen gesperrt.",,site/modules/FrontendForms/Formelements/Form.php,47ad76bd199affac60644bad8dcb8061
"You have not added a question for your question CAPTCHA!","Sie haben keine Frage für Ihre Fragen-CAPTCHA hinzugefügt!",,site/modules/FrontendForms/Formelements/Form.php,1bb62f28bc5d389b36a0e42b2a2d6a63
"You have not added some answers for your question CAPTCHA!","Sie haben keine Antworten für Ihre Fragen-CAPTCHA hinzugefügt!",,site/modules/FrontendForms/Formelements/Form.php,1661e10f0e3721d8a4c907fee18e6425
"If you do not correct this error, you cannot use the simple question CAPTCHA and the Captcha will not be displayed.","Wenn Sie diesen Fehler nicht korrigieren, können Sie dieses Fragen-CAPTCHA nicht verwenden und es wird auch nicht angezeigt.",,site/modules/FrontendForms/Formelements/Form.php,7101c396b133aa31a4ddfc686b2c093a
close,schließen,,site/modules/FrontendForms/Formelements/Form.php,716f6b30598ba30945d84485e61c1027
edit,bearbeiten,,site/modules/FrontendForms/Formelements/Form.php,de95b43bceeb4b998aed4aed5cef1ae7
"You have reached the max. number of allowed attempts and therefore you cannot submit the form once more. To reset the blocking and to submit the form anyway you have to close this browser, open it again and visit this page once more.","Sie haben die max. Anzahl von Versuchen erreicht und aus diesem Grund können Sie das Formular nun nicht mehr absenden. Um die Sperrung aufzuheben und das Formular dennoch abzusenden schließen Sie bitte den Browser, öffnen ihn erneut und besuchen Sie diese Seite noch einmal.",,site/modules/FrontendForms/Formelements/Form.php,9604672fb8882c926b1fcf42c89576d7
"Step %s of %s","Schritt %s von %s",,site/modules/FrontendForms/Formelements/Form.php,cc8c4c54107b291b093ffed9bf40f2f5
"You do not have Javascript enabled. This could cause problems. Please enable Javascript to submit the form without any problems.","Sie haben Javascript nicht aktiviert. Dies könnte zu Problemen führen. Bitte aktivieren Sie Javascript, um das Formular problemlos absenden zu können.",,site/modules/FrontendForms/Formelements/Form.php,8f42b5d8ad7d0119ad65510e26fa715c
"Uploading files via GET request is not possible. Please use POST instead or remove the file upload field.","Das Hochladen von Dateien per GET-Anfrage ist nicht möglich. Bitte verwenden Sie stattdessen POST.",,site/modules/FrontendForms/Formelements/Form.php,a359e357b438643f4ecddfa685e3ab68
"A file upload is only possible in the last step. Please move the file upload field(s) to the last step. Otherwise it would not work.","Ein Datei-Upload ist erst im letzten Schritt möglich. Bitte verschieben Sie das/die Datei-Upload-Feld(er) in den letzten Schritt. Sonst wird es nicht funktionieren.",,site/modules/FrontendForms/Formelements/Form.php,da2d1e91e66ed810febf41c2857e1705
"We are sorry, but your IP address %s is on the list of forbidden IP addresses. Therefore the form will not be displayed. If you think your IP address is mistakenly on the list, please contact the administrator of the site.","Es tut uns leid, aber Ihre IP-Adresse %s steht auf der Liste der verbotenen IP-Adressen. Daher wird das Formular nicht angezeigt. Wenn Sie glauben, dass Ihre IP-Adresse fälschlicherweise auf der Liste steht, wenden Sie sich bitte an den Administrator der Website.",,site/modules/FrontendForms/Formelements/Form.php,092284a62a0f8c62fa528c0cfd3d157c
year,Jahr,,site/modules/FrontendForms/Formelements/Form.php,84cdc76cabf41bd7c961f6ab12f117d8
years,Jahre,,site/modules/FrontendForms/Formelements/Form.php,75aeb98e5241592ad6a6c2c4c78a16ef
month,Monat,,site/modules/FrontendForms/Formelements/Form.php,7436f942d5ea836cb84f1bb2527d8286
months,Monate,,site/modules/FrontendForms/Formelements/Form.php,da36cfaf48b9e19896e23e1207040d1e
day,Tag,,site/modules/FrontendForms/Formelements/Form.php,628b7db04235f228d40adc671413a8c8
days,Tage,,site/modules/FrontendForms/Formelements/Form.php,44fdec47036f482b68b748f9d786801b
hour,Stunde,,site/modules/FrontendForms/Formelements/Form.php,896c55cc5e46fab38ce9f51ebf7bfcd3
hours,Stunden,,site/modules/FrontendForms/Formelements/Form.php,73cdddd7730abfc13a55efb9f5685a3b
minute,Minute,,site/modules/FrontendForms/Formelements/Form.php,0a7d55be9d12a369a6a8da0fb517fba4
minutes,Minuten,,site/modules/FrontendForms/Formelements/Form.php,640fd0cc0ffa0316ae087652871f4486
second,Sekunde,,site/modules/FrontendForms/Formelements/Form.php,a9f0e61a137d86aa9db53465e0801612
seconds,Sekunden,,site/modules/FrontendForms/Formelements/Form.php,783e8e29e6a8c3e22baa58a19420eb4f
"Email could not be sent due to possible wrong email configuration settings.","E-Mail konnte aufgrund einer fehlerhaften Konfiguration in den Einstellungen nicht gesendet werden.",,site/modules/FrontendForms/Formelements/Form.php,72cf6df09879e3c5e34778bf6f1bc965
"GD library is not installed/enabled. Please install/enable it to be able to use CAPTCHA images.","Die GD-Bibliothek ist nicht installiert/aktiviert. Bitte installieren/aktivieren Sie diese, um die CAPTCHA-Funktion verwenden zu können.",,site/modules/FrontendForms/FrontendForms.module,3f73c9dc2eed9de2758f0bf0c32893f4
"no HTML template","kein HTML Template",,site/modules/FrontendForms/FrontendForms.module,7a646761a1d8fa416125a58d609c221d
"Inherit from FrontendForms","Von FrontendForms übernehmen",,site/modules/FrontendForms/FrontendForms.module,5bfe6a369b802afdb9bb4909ac726c2d
"Sorry, but the requested file could not be downloaded from GitHub.","Entschuldigung, aber die angeforderte Datei konnte nicht von GitHub heruntergeladen werden.",,site/modules/FrontendForms/FrontendForms.module,5b69485d8306131960b9de0e500d3d7f
Comments,Kommentare,"should be identical to the weird name/title above",site/modules/FrontendForms/FrontendForms.module,8413c683b4b27cc3f4dbd4c90329d8ba
"The password blacklist has been updated manually.","Die Passwort-Blacklist wurde manuell aktualisiert.",,site/modules/FrontendForms/FrontendForms.module,8c1cf6d64804d4ace27e32e7328ba784
"The SPAM word list has been updated manually.","Die SPAM-Wortliste wurde manuell aktualisiert.",,site/modules/FrontendForms/FrontendForms.module,e8b59441746714ec79fa86fea2f9a3fe
"Sorry, the SPAM word list could not be downloaded from GitHub. Please try again later.","Entschuldigung, die SPAM-Wortliste konnte nicht von GitHub heruntergeladen werden. Bitte versuchen Sie es später noch einmal.",,site/modules/FrontendForms/FrontendForms.module,70d35607cdfdb1879dd80927906243cb
"The IP address %s was added to the IP blacklist.","Die IP-Adresse %s wurde zur IP-Blacklist hinzugefügt.",,site/modules/FrontendForms/FrontendForms.module,3c9c17c611ca47bc9a610fff9ab8a41e
"The IP address %s is not a valid IP address and was not added to the IP blacklist.","Die IP-Adresse %s ist keine gültige IP-Adresse und wurde nicht auf die IP-Blacklist gesetzt.",,site/modules/FrontendForms/FrontendForms.module,6dcb62add557b1fa4a3eef38ca451e6c
"The IP address %s was removed from the IP blacklist.","Die IP-Adresse %s wurde von der IP-Blacklist entfernt.",,site/modules/FrontendForms/FrontendForms.module,b537ea59941fa9c24d70efa853c70b20
"The IP address %s was not found in the IP blacklist and could not be removed.","Die IP-Adresse %s wurde in der IP-Blacklist nicht gefunden und konnte nicht entfernt werden.",,site/modules/FrontendForms/FrontendForms.module,f16756cb9600a2b61f6007d4d0e8a904
"The website has been searched for new fonts.","Die Website wurde nach neuen Schriftarten durchsucht.",,site/modules/FrontendForms/FrontendForms.module,f8d3589fa7a033404829e74246630287
"Blacklist of passwords from the module FrontendForms was updated","Die Blacklist der Passwörter vom Modul FrontendForms wurde aktualisiert",,site/modules/FrontendForms/FrontendForms.module,a4738ea29c2c5ace3adeefbcc56f593c
"%s is not a valid IP address and has therefore been deleted.","%s ist keine gültige IP-Adresse und wurde daher gelöscht.",,site/modules/FrontendForms/FrontendForms.module,143f13c4b36b268ecbc7a7e80e7a7660
"%s is not a valid color code and has therefore been deleted.","%s ist kein gültiger Farbcode und wurde daher gelöscht.",,site/modules/FrontendForms/FrontendForms.module,1553a16436f49f007d1ccc3ad6da67be
"The color code %s does not correspond to a valid color code in HEX format and has therefore been reset to the default value %s.","Der Farbcode %s entspricht keinem gültigen Farbcode im HEX-Format und wurde daher auf den Standardwert %s zurückgesetzt.",,site/modules/FrontendForms/FrontendForms.module,8af25e171cbe1bc3c510609cef747360
"Enter a date format in PHP dateformat syntax (fe Y-m-d). %s","Geben Sie ein Datumsformat in der PHP-Dateformat-Syntax ein (z. B. Y-m-d). %s",,site/modules/FrontendForms/FrontendForms.module,05d5bf0f900e06d69f77a037499e4d0f
" The default format is %s","Das Standardformat ist %s",,site/modules/FrontendForms/FrontendForms.module,8b9e799eb009d097d46c45aae0a90b83
"Enter a time format in PHP dateformat syntax (fe H:i:s). %s","Geben Sie ein Zeitformat in der PHP-Dateformat-Syntax ein (z. B. H:i:s). %s",,site/modules/FrontendForms/FrontendForms.module,a959f5151c4d15bf318ece417a112b4e
"There are unsaved changes in this form. If you continue, these changes will be lost, since this action only saves the related settings. Please save your changes first, or choose ""Continue"" to discard them.","In diesem Formular gibt es nicht gespeicherte Änderungen. Wenn Sie weitermachen, gehen diese Änderungen verloren, da diese Aktion nur die zugehörigen Einstellungen speichert. Bitte speichern Sie zuerst Ihre Änderungen oder wählen Sie ""Weiter"", um sie zu verwerfen.",,site/modules/FrontendForms/FrontendForms.module,f5b7e47d1a36b3cfc76c0b1df6049037
Continue,Weiter,,site/modules/FrontendForms/FrontendForms.module,a0bfb8e59e6c13fc8d990781f77694fe
Cancel,Abbrechen,,site/modules/FrontendForms/FrontendForms.module,ea4788705e6873b424c65e91c2846b19
OK,Ok,,site/modules/FrontendForms/FrontendForms.module,e0aa021e21dddbd6d8cecec71e9cf564
"This can be overwritten on the form by using this method","Diese Einstellung kann mit dieser Methode auf dem Formular überschrieben werden",,site/modules/FrontendForms/FrontendForms.module,2047dbfc9f2dc1e1932ba5b3e5348e1e
"This can be overwritten on the form by using these methods","Diese Einstellungen können mit diesen Methoden auf dem Formular überschrieben werden",,site/modules/FrontendForms/FrontendForms.module,d248bc06fcb2345c55dfd44c687e8210
"Use this method to test, if IP ban works. Enter the IP address that should be tested.","Verwenden Sie diese Methode, um zu testen, ob das IP-Verbot funktioniert. Geben Sie die IP-Adresse ein, die getestet werden soll.",,site/modules/FrontendForms/FrontendForms.module,ae3f9d4b86fc69e0ada3f76bf6e57e52
"This method is only for testing purposes, so do not forget to remove it afterwards.","Diese Methode ist nur für Testzwecke. Bitte vergessen Sie nicht, diese später wieder zu entfernen.",,site/modules/FrontendForms/FrontendForms.module,b9a5f2677904db4468d20a5fb37984ff
"Slide right to fill","Nach rechts schieben",,site/modules/FrontendForms/FrontendForms.module,e76d67cace68112a07c87cd19864fc08
Loading,Laden,,site/modules/FrontendForms/FrontendForms.module,16bfbf9c462762cf1cba4134ec53c504
"Try again!","Nochmal versuchen!",,site/modules/FrontendForms/FrontendForms.module,0912f8f8b87c237b8415f1b4c0a50438
"The reply form could not be loaded due to an error.","Das Antwortformular konnte aufgrund eines Fehlers nicht geladen werden.",,site/modules/FrontendForms/FrontendForms.module,7a91feaf15ea56c4f0247559f076a9ad
Seconds,Sekunden,,site/modules/FrontendForms/FrontendForms.module,8f19a8c7566af54ea8981029730e5465
Attempts,Versuche,,site/modules/FrontendForms/FrontendForms.module,7ba3b8236d48d4f4c5ec03c3fe6b75a9
Colors,Farben,,site/modules/FrontendForms/FrontendForms.module,5d50889672f6f860d14f502de3de1957
Lines,Linien,,site/modules/FrontendForms/FrontendForms.module,a0b0293a2db49f5f93c15a62e095c819
"More detailed information about the IP %s at www.domaintools.com","Genauere Informationen über die IP-Adresse %s auf www.domaintools.com",,site/modules/FrontendForms/FrontendForms.module,294f7882d547e02ee8934197e3ee43f7
"Failed attempts for IP %s","Fehlerhafte Versuche für die IP-Adresse %s",,site/modules/FrontendForms/FrontendForms.module,c7c54e3411829686d669490ff05d0094
Date,Datum,,site/modules/FrontendForms/FrontendForms.module,44749712dbec183e983dcd78a7736c41
URL,=,,site/modules/FrontendForms/FrontendForms.module,e6b391a8d2c4d45902a23a8b6585703d
Form-ID,Formular-ID,,site/modules/FrontendForms/FrontendForms.module,de2beed414f268855270166b3474b45a
"Opens in a new window","Öffnet in einem neuen Fenster",,site/modules/FrontendForms/FrontendForms.module,de25d7fa7d62d750a846b81dcb3b37f9
"IP address",IP-Adresse,,site/modules/FrontendForms/FrontendForms.module,75ba8d70e3692ba200f0e0df37b4d2ae
User,Benutzer,,site/modules/FrontendForms/FrontendForms.module,8f9bfe9d1345237cb3b2b205864da075
"Blacklist entry","Blacklist Eintrag",,site/modules/FrontendForms/FrontendForms.module,59deadcbf685b2ad32b7668720ce083d
"Number of blocks","Anzahl der Sperrungen",,site/modules/FrontendForms/FrontendForms.module,02281719187ced2a9763531b2d5cde35
Details,=,,site/modules/FrontendForms/FrontendForms.module,3ec365dd533ddb7ef3d1c111186ce872
"Add/remove IP from blacklist","Hinzufügen/entfernen der IP von der Black List",,site/modules/FrontendForms/FrontendForms.module,9b63ca019aacfd9a7917473e1720afbb
"View details","Details anzeigen",,site/modules/FrontendForms/FrontendForms.module,6e9783376d951cfd780e9fdb67a0f02c
"Remove from blacklist","Von der Blacklist entfernen",,site/modules/FrontendForms/FrontendForms.module,5ad3137edf46035a9faf9432f7cd0522
"Add to blacklist","Zur Blacklist hinzufügen",,site/modules/FrontendForms/FrontendForms.module,218ccb4c1ea08f5bfb6cd390c3ba94e5
"Sorry, but there is not data available. Please check if logging is enabled.","Es sind leider keine Daten vorhanden. Bitte überprüfen Sie ob das loggen aktiviert is.",,site/modules/FrontendForms/FrontendForms.module,ee765dab27b2a05c8e2f670c2e6968ad
"Markup and styling settings for the forms","Markup und Styling Einstellung für die Formulare",,site/modules/FrontendForms/FrontendForms.module,7a07ed63e2a6c4a1c8119b711075aff2
"Make your global settings for the output. Most of the settings can be overwritten on per form base if needed.","Tätigen Sie Ihre globalen Einstellungen für die Ausgabe. Die meisten dieser Einstellungen können für jedes Formular überschrieben werden.",,site/modules/FrontendForms/FrontendForms.module,93acc85a7149f81e94ce8c38c98301b0
"Settings for required fields","Einstellungen für die Pflichtfelder",,site/modules/FrontendForms/FrontendForms.module,6175c8574382c56b54af9989e0bbf521
"Asterisk for required field","Asterisk für Pflichtfelder",,site/modules/FrontendForms/FrontendForms.module,6e84806e22592cd29d58f62816fc69df
"Add an asterisk on required fields after the label tag.","Einen Asterisk nach dem Label-Tag zu Pflichtfeldern hinzufügen.",,site/modules/FrontendForms/FrontendForms.module,dffe9621d38ef2d6cde5d19b8a5fad89
"Adds a span element with an asterisk after the field label on required fields (<span class=""asterisk"">*</span>).","Fügt ein span element mit einem Asterisk nach dem Label-Tag bei Pflichtfeldern hinzu (<span class=""asterisk"">*</span>).",,site/modules/FrontendForms/FrontendForms.module,ac4210c3245df9966263e8bc71a1836c
"You can also use CSS pseudo class :after to add an asterisk to the label tag. For this reason you can disable the asterisk markup.","Sie können auch die CSS Pseudo-Klasse :after nutzen um einen Asterisk nach dem Label Tag einzufügen. Aus diesem Grund können Sie die Einfügung des Asterisk Mark-up unterbinden.",,site/modules/FrontendForms/FrontendForms.module,52fe89faf69cb2128424b868ece04de9
"Do not show hint for required fields","Keinen Hinweis für Pflichtfelder anzeigen",,site/modules/FrontendForms/FrontendForms.module,84dfb4afaa9b4a8beafb21f1eddc74a9
"Show hint for required fields on top","Hinweis für Pflichtfelder oben anzeigen",,site/modules/FrontendForms/FrontendForms.module,86172a610c2ef5eba8f95d683853535a
"Show hint for required fields on bottom","Hinweis für Pflichtfelder unten anzeigen",,site/modules/FrontendForms/FrontendForms.module,fd7afae8d1a6c5f8b586dd648f2edb34
"Disable displaying of the text (none), place the text before (top) or after (bottom) the form.","Die Anzeige des Textes unterbinden (kein), den Text vor (oben) oder nach (unten) dem Formular anzeigen.",,site/modules/FrontendForms/FrontendForms.module,8842b7eaca395f94ccf4247a3dec7fb2
"Enable/disable the display of the required text and set the position","Anzeigen/verstecken der Anzeige des Textes für die Pflichtfelder und Festsetzung der Position",,site/modules/FrontendForms/FrontendForms.module,419482be203a6d6e6ca5dfab534db3c4
"Can be overwritten on each form.","Kann bei jedem Formular überschrieben werden.",,site/modules/FrontendForms/FrontendForms.module,a310d89389c61c1262dc8b170e54b418
"Hint for visitors that all required fields have to be filled out","Der Hinweistext für Besucher, dass alle Pflichtfelder ausgefüllt werden müssen",,site/modules/FrontendForms/FrontendForms.module,5119a3299816914535285e9a1ce65c89
"This text will be displayed on the form depending on your settings.","Dieser Text wird entsprechend ihren Einstellungen angezeigt.",,site/modules/FrontendForms/FrontendForms.module,d7c2c8b972d23974722479d00df373b9
"If nothing is entered, a default text will be displayed instead.","Wenn nichts eingegeben wird, dann wird stattdessen ein Standardtext verwendet.",,site/modules/FrontendForms/FrontendForms.module,4f391e9c54871cb2ba07440e4dcde2f8
"Settings for messages after form submission","Einstellungen für Meldungen nach dem Absenden des Formulars",,site/modules/FrontendForms/FrontendForms.module,365bb743041cffedef0b75f080a11457
"The message after successful submission","Text nach erfolgreicher Absendung des Formulars",,site/modules/FrontendForms/FrontendForms.module,a30590d3607a49d08ba70125889fdc4c
"This text will be displayed after a form was submitted successfully.","Dieser Text wird angezeigt, nachdem das Formular erfolgreich gesendet wurde.",,site/modules/FrontendForms/FrontendForms.module,b9490a4a1dbf80bf51629efa398fd4c4
"The message after submission failed","Text nach fehlgeschlagener Absendung des Formulars",,site/modules/FrontendForms/FrontendForms.module,98a115741f55482456b6723baeced037
"This text will be displayed after errors on form submission.","Dieser Text wird angezeigt, nachdem Fehler beim Versuch das Formular zu senden aufgetreten sind.",,site/modules/FrontendForms/FrontendForms.module,99bc0368b6b8e031527fc78678727a3a
"Settings for the markup and styling of the form and the input fields","Einstellungen für das Markup und Styling der Formulare und Eingabefelder",,site/modules/FrontendForms/FrontendForms.module,8a1577b8f1c200d0151b7eed3147615a
"Add wrappers to the form fields","Wrapper Container zu Formularfelder hinzufügen",,site/modules/FrontendForms/FrontendForms.module,498dd7c80478c5b43acfd468ce925bf6
"Add wrapper div for the inputfield (input wrapper)","Einen Wrapper Container zum Input-Feld hinzufügen (input wrapper)",,site/modules/FrontendForms/FrontendForms.module,418fa1a1a214848b688ca0929d30fdf1
"Add outer wrapper div for each formfield (field wrapper)","Einen äußeren Wrapper-Conainer zu jedem Formular-Feld hinzufügen (field wrapper)",,site/modules/FrontendForms/FrontendForms.module,02edb6924c99d44eac912630d17ee98b
"Add an additional wrapper div after opening and before closing form tag","Einen zusätzlichen Wrapper-Container zwischen dem öffnenden und schließenden Form Tag hinzufügen",,site/modules/FrontendForms/FrontendForms.module,bccc224dcd0922cf59461e2d3f29dc14
"Add a wrapper div over all form elements","Einen Wrapper-Container über alle Formularfelder hinzufügen",,site/modules/FrontendForms/FrontendForms.module,276d962ba9474e7cd0f834019b88c00a
"In some rare cases you need to wrap all form elements inside an extra wrapper div, which is between the opening and closing form tag. For this case you can add the div by checking the box.","In seltenen Fällen wird ein extra Container über alle Formular-Elemente benötigt, welche sich zwischen dem öffnenden und schließenden form tag befindet. Für diesen Fall kann der Container durch anklicken der Box hinzugefügt werden.",,site/modules/FrontendForms/FrontendForms.module,31d74429df3f5c9334d1f91751e0f73e
"Add a CSS class to to the extra wrapper div","Eine CSS-Klasse zu diesem extra Container hinzufügen",,site/modules/FrontendForms/FrontendForms.module,dca03e2707a55b83d6d2eb3aa549ff24
"By default, an unique id will be added, but if you need a special styling class, you can enter the name of the class in this field.","Standardmäßig wird eine einzigartige ID hinzugefügt, aber wenn Sie zur Gestaltung des Containers eine spezielle CSS-Klasse benötigen, dann können Sie diese in das Feld eintragen.",,site/modules/FrontendForms/FrontendForms.module,fddbf871807bca492cfdce44610e6f71
"Output rendering","Ausgabe rendern",,site/modules/FrontendForms/FrontendForms.module,e22428c686e2484d13fe958b6dd96ded
"Select if you want to use a framework for rendering the form or not","Wählen Sie aus, ob Sie ein CSS-Framework für die Formularausgabe nutzen möchten oder nicht",,site/modules/FrontendForms/FrontendForms.module,b8ab6902234d473780a27431e7c004fe
"No framework",Keines,,site/modules/FrontendForms/FrontendForms.module,672c694e3c32de003ed77fa07f6420cc
"Custom path for the CSS classes json file","Benutzerdefinierter Pfad für die JSON-Datei der CSS-Klassen",,site/modules/FrontendForms/FrontendForms.module,df7e7a4b40e471bef3d8def9d6650d13
"If you want to save your custom CSS class file in a directory other than site/assets/files/FrontendForms/frameworks/, you can enter the path to your custom directory here. Otherwise leave this field empty.","Wenn Sie Ihre benutzerdefinierte CSS-Klassendatei in einem anderen Verzeichnis als site/assets/files/FrontendForms/frameworks/ speichern möchten, können Sie hier den Pfad zu Ihrem benutzerdefinierten Verzeichnis eingeben. Andernfalls lassen Sie dieses Feld leer.",,site/modules/FrontendForms/FrontendForms.module,fd0b6fed9e7e756313769a11093ff20d
"Please enter the path starting with site (eg site/templates/FrontendForms/frameworks).","Bitte geben Sie den Pfad beginnend mit site ein (z.B. site/templates/FrontendForms/frameworks).",,site/modules/FrontendForms/FrontendForms.module,2faa0d1d2f63b7b5358d8d351efed3ee
"You find more information about custom CSS json files %s.","Weitere Informationen über benutzerdefinierte CSS-json-Dateien finden Sie %s.",,site/modules/FrontendForms/FrontendForms.module,2f97875791a2ed2f8d0e37fe2459f06c
"Append the label after the input tag on checkboxes and radios","Den Label-Tag nach dem Input Tag bei Checkboxen und Radio Buttons anzeigen",,site/modules/FrontendForms/FrontendForms.module,3d40631076ed8bbd19e7aaa78cd4f123
"By default, radio and checkbox tags are wrapped by their label tag. If you want to append the label tag after the input tag, please check the appropriate box.","Standardmäßig werden Checkboxen und Radio Buttons mit dem Label Tag umgeben. Wenn Sie aber möchten, dass der Label Tag erst nach dem Input Tag angezeigt wird, dann markieren Sie die entsprechende Box.",,site/modules/FrontendForms/FrontendForms.module,420b58ba111ac466843ceb296be2b1c4
"Append label on checkboxes","Label bei Checkboxen nach dem Input Tag anzeigen",,site/modules/FrontendForms/FrontendForms.module,cf44c50f0e34ccaa350623b45fb893ab
"Append label on radio buttons","Label bei Radio Buttons nach dem Input Tag anzeigen",,site/modules/FrontendForms/FrontendForms.module,0e575171cddf029c5b9fdc05725397cc
"Set the position of the field description","Bestimmen Sie die Position der Eingabefeld-Beschreibung",,site/modules/FrontendForms/FrontendForms.module,a835c133140136c0416a5045dec59326
"By default, the field description will be displayed after the input field. If you want you can display the description before or after the label too.","Standardmäßig wird die Eingabefeld-Beschreibung unterhalb des Eingabefeldes angezeigt. Sie können diese aber auch direkt vor oder nach dem Label anzeigen lassen.",,site/modules/FrontendForms/FrontendForms.module,69749f3e4e496cf5ca8751d7f376deea
"Can be overwritten on each form and even on each input field.","Kann bei jeden Formular und auch direkt bei jeden Eingabefeld überschrieben werden.",,site/modules/FrontendForms/FrontendForms.module,024432684785ecba47cfb7084c991a7b
"Before the field label","Vor dem Label",,site/modules/FrontendForms/FrontendForms.module,e1f95af6b2b8cc77ca357af807df6083
"After the field label","Nach dem Label",,site/modules/FrontendForms/FrontendForms.module,1e2b06cfb055315bf2f71e90ae0ce5b0
"After the input field","Nach dem Eingabefeld",,site/modules/FrontendForms/FrontendForms.module,d10fa5e10f988fcc438a488bb2f5dede
"Tag for the label element","Tag für das Label-Element",,site/modules/FrontendForms/FrontendForms.module,a851fbfd023fc53cfd4c3fc913aaf0a7
"Change the tag (p, div,..) for the label of an input field.","Ändern Sie den Tag (p, div,..) für das Label eines Eingabefeldes.",,site/modules/FrontendForms/FrontendForms.module,47a88281427cf3e734aab194a5afded8
"If you are not satisfied with the tag used for this item, you can modify it according to your needs. Otherwise, leave this field blank.","Wenn Sie mit dem für dieses Element verwendeten Tag nicht zufrieden sind, können Sie diesen nach Ihren Bedürfnissen ändern. Andernfalls lassen Sie dieses Feld leer.",,site/modules/FrontendForms/FrontendForms.module,b4f0a0ac5d61c175e3047e45e049eb5f
"Tag for the description element","Tag für das Beschreibungs-Element",,site/modules/FrontendForms/FrontendForms.module,d12f6160684a8a387e5230025dd672f9
"Change the tag (p, div,..) for the description of an input field.","Ändern Sie den Tag (p, div,..) für die Beschreibung eines Eingabefeldes.",,site/modules/FrontendForms/FrontendForms.module,36c96e06adda682dc4ad349f4e8d6db9
"Tag for the notes element","Tag für das Hinweis-Element",,site/modules/FrontendForms/FrontendForms.module,4d0e0ce61cfb19d808810f874b7a692f
"Change the tag (p, div,..) for the notes of an input field.","Ändern Sie den Tag (p, div,..) für den Hinweistext eines Eingabefeldes.",,site/modules/FrontendForms/FrontendForms.module,fb6b6fcbd43277c375589aa25f68aca9
"Tag for the message elements (success and error message)","Tag für die Meldungselemente (Erfolgs- und Fehlermeldung)",,site/modules/FrontendForms/FrontendForms.module,ad269b44f7c4efb0b648213a1ec7ff7b
"Change the tag (p, div,..) for the messages of an input field.","Ändern Sie den Tag (p, div,..) für die Meldungselemente eines Eingabefeldes.",,site/modules/FrontendForms/FrontendForms.module,99db3bbafc897f6819b0bb8e0621e5d6
"Custom CSS classes","Eigene CSS Klassen",,site/modules/FrontendForms/FrontendForms.module,2aa8d951a33a4ede2260e61e9030b6d7
"You can overwrite each CSS class with your own class name(s). If you want to add multiple classes at the same time please separate them with a whitespace (fe class1 class2).","Sie können jede CSS-Klasse mit Ihren eigenen Klassennamen überschreiben. Wenn Sie mehrere Klassen gleichzeitig hinzufügen möchten, trennen Sie diese bitte mit einem Leerzeichen (z. B. Klasse1 Klasse2).",,site/modules/FrontendForms/FrontendForms.module,89c12578095929b622dee02997775ec3
"CSS class for the %s","CSS Klasse für %s",,site/modules/FrontendForms/FrontendForms.module,3e17fd7790ba1feceace786e775d2ba7
"Current class","Aktuelle Klasse",,site/modules/FrontendForms/FrontendForms.module,e7a61cfa8747480af7070c6f8e63c812
"Settings for stylesheets and scripts","Einstellungen für die Stylesheets und Skripte",,site/modules/FrontendForms/FrontendForms.module,d8e4d251281d05f85acf5cc936fa7f4d
"Javascript setting","JavaScript Einstellung",,site/modules/FrontendForms/FrontendForms.module,c454d41006c3a47ef050056608a6b7d9
"Remove all module Javascript files from frontend","Die Einbindung aller Javascript-Dateien für dieses Modul unterbinden",,site/modules/FrontendForms/FrontendForms.module,73e95f708b3641dc5fca104171c32081
"All JavaScript files, which will be needed for some features of the form, will added before the closing body tag on the frontend by default . You can prevent the embedding of the scripts completely by checking the box.","Alle JavaScript-Dateien, die für einige Funktionen des Formulars benötigt werden, werden standardmäßig vor dem schließenden body-Tag im Frontend hinzugefügt. Sie können das Einbetten der Skripte vollständig verhindern, indem Sie das Häkchen setzen.",,site/modules/FrontendForms/FrontendForms.module,456ec8e7a08a31fa2153bbea0091440c
"CSS setting","CSS Einstellungen",,site/modules/FrontendForms/FrontendForms.module,6bfa90ae9f841ec2adedb46975347afd
"Remove frontendforms.css from template","Die Einbindung der CSS-Datei frontendforms.css beim Template unterbinden",,site/modules/FrontendForms/FrontendForms.module,40332d3353119c2a3709b3207527f745
"A small CSS file for the forms will be added to the template by default. You can remove the embedding of the CSS file by checking the box.","Standardmäßig wird im Frontend eine kleine CSS-Datei für die Formulare hinzugefügt. Sie können die Einbettung der CSS-Datei unterbinden, indem Sie das Kontrollkästchen aktivieren.",,site/modules/FrontendForms/FrontendForms.module,a0a34efcb7026e3f77c8e54472b84fd8
"Ajax form submission","Ajax Formular-Übermittlung",,site/modules/FrontendForms/FrontendForms.module,60b194eab605784a5b4d24e228c2e76d
"Submit forms via Ajax","Formulare mittels Ajax absenden",,site/modules/FrontendForms/FrontendForms.module,565bc477c715412ea8ce5d0fcf65f22f
"If the box is checked, every form and its form data will be submitted via Ajax. This means that there will be no page reload after submission.","Wenn das Kästchen angekreuzt ist, wird jedes Formular und dessen Formulardaten mittels Ajax übermittelt. Das bedeutet, dass die Seite nach dem Absenden nicht neu geladen wird.",,site/modules/FrontendForms/FrontendForms.module,7236e01a0c420ee025e2ff26d8d4d21f
"Please note, if Javascript is not enabled, the form will be submitted with page reload, but this could cause problems under certain circumstances where no page reload is necessary. If Javascript is not enabled, the user will see a warning message above the form.","Bitte beachten Sie, wenn Javascript nicht aktiviert ist, wird nach jedem Absenden eines Formulars die Seite neu geladen, was jedoch unter bestimmten Umständen zu Problemen führen kann, wenn kein Neuladen der Seite gewünscht ist. Wenn Javascript nicht aktiviert ist, wird dem Benutzer eine Warnmeldung über dem Formular angezeigt.",,site/modules/FrontendForms/FrontendForms.module,21b577392733c28766c3c34d5bddf53d
"Hide the progressbar during form submission","Ausblenden des Fortschrittsbalkens während der Formularübermittlung",,site/modules/FrontendForms/FrontendForms.module,32d0a0932303e72b8cd4da077ecf6838
"If the box is checked, the progressbar will not be displayed during the form submission via Ajax.","Wenn das Kontrollkästchen aktiviert ist, wird der Fortschrittsbalken während der Formularübermittlung mittels Ajax nicht angezeigt.",,site/modules/FrontendForms/FrontendForms.module,30526da4a80e9236f977949cad94b787
"Usually, a progressbar with a text will be displayed during the submission of a form via Ajax to inform the user that the form will be submitted. This could be helpful to users, if the submission will take a little more time.","In der Regel wird während des Absendens eines Formulars mittels Ajax ein Fortschrittsbalken mit einem Text angezeigt, um den Benutzer darüber zu informieren, dass das Formular abgeschickt wird. Dies könnte für Benutzer als Info hilfreich sein, wenn die Einreichung etwas mehr Zeit in Anspruch nimmt.",,site/modules/FrontendForms/FrontendForms.module,17c6f55cd8c47c8c64246835709f7893
"AJAX form submission info text","Infotext zur AJAX-Formularübermittlung",,site/modules/FrontendForms/FrontendForms.module,222be968e8865753b0dbd5ea083b877e
"This text will be displayed next to the progress bar during a form is submitted via AJAX.","Dieser Text wird neben dem Fortschrittsbalken angezeigt, wenn ein Formular über AJAX gesendet wird.",,site/modules/FrontendForms/FrontendForms.module,091a75fbe174b195242b44b8a2cc2194
"Email settings","E-Mail Einstellungen",,site/modules/FrontendForms/FrontendForms.module,5386484801d01d2ece73fbc5f605f739
"Date format",Datumsformat,,site/modules/FrontendForms/FrontendForms.module,534fd46732986cba0efeda8701592427
"fe. Y-m-d","z.B. Y-m-d",,site/modules/FrontendForms/FrontendForms.module,11775982c70c55a70765a0a3e82ecc41
"Enter a global date format which can be used for date strings in email templates.","Geben Sie ein globales Datumsformat ein, welches für Datumsangaben in E-Mail-Vorlagen verwendet werden kann.",,site/modules/FrontendForms/FrontendForms.module,72283172f716e7c34b35b50ff698535f
"Time format",Zeitformat,,site/modules/FrontendForms/FrontendForms.module,08d069d5db8652e62598ac3a655f95d8
"fe. H:i","z.B H:i",,site/modules/FrontendForms/FrontendForms.module,5f370f31237cf69ef9557bb195412608
"Enter a global time format which can be used for time strings in email templates.","Geben Sie ein globales Zeitformat ein, welches für Zeitangaben in E-Mail-Vorlagen verwendet werden kann.",,site/modules/FrontendForms/FrontendForms.module,e198ef21e8a32d2793314a7ddc09d72a
"HTML email template setting","HTML E-Mail Template Einstellungen",,site/modules/FrontendForms/FrontendForms.module,7ba64fb164e72d97660308b67acfefbe
"Choose whether you want to use the HTML template for your emails and if so, which one.","Entscheiden Sie, ob Sie ein HTML Template für Ihre E-Mails verwenden wollen, oder nicht",,site/modules/FrontendForms/FrontendForms.module,cebf3687d25bd4915ed8816bf8f91604
"If you are using FrontendForms with the PW WireMail class to send emails, you can use a HTML email template by adding the mailTemplate() method to the WireMail object. Can be overwritten on each form.","Wenn Sie FrontendForms mit der PW WireMail-Klasse zum Senden von E-Mails verwenden, können Sie eine HTML-E-Mail-Vorlage verwenden, indem Sie dem WireMail-Objekt die mailTemplate()-Methode hinzufügen. Kann auf jedem Formular überschrieben werden.",,site/modules/FrontendForms/FrontendForms.module,99d4cdbb31bb961f30c4d20dfc7afb39
"Data privacy settings","Datenschutz Einstellungen",,site/modules/FrontendForms/FrontendForms.module,3d68b09877695bf8ec9113899ff693ad
"Select the type of page that contains your privacy policy","Wählen Sie den Seitentyp aus, der Ihre Datenschutzerklärung enthält",,site/modules/FrontendForms/FrontendForms.module,8505305f66de73c3333016eca221de3d
"Choose whether you want to use an internal ProcessWire page or an external website as your privacy policy page.","Wählen Sie aus, ob Sie eine interne ProcessWire-Seite oder eine externe Website als Ihre Datenschutzrichtlinien-Seite verwenden möchten.",,site/modules/FrontendForms/FrontendForms.module,3b314feef3a760d84c30ae0cc3204c94
"Internal ProcessWire page","Interne ProcessWire-Seite",,site/modules/FrontendForms/FrontendForms.module,de3237e4be387dcdc969538f20f15f00
"Page of an external website","Seite einer externen Webseite",,site/modules/FrontendForms/FrontendForms.module,9e6c6de8da88dcf38c4fe9fd0f71e0b8
"URL to the external page with the privacy policy","URL zur externen Seite mit der Datenschutzerklärung",,site/modules/FrontendForms/FrontendForms.module,15508888087480ed9fc1f1e912defd00
"Enter the URL of the page that contains your privacy policy.","Geben Sie die URL der Seite ein, die Ihre Datenschutzerklärung enthält.",,site/modules/FrontendForms/FrontendForms.module,f0a25732b34fad9f41d2fc69772ed923
"Privacy policy page","Seite für die Datenschutz Richtlinien",,site/modules/FrontendForms/FrontendForms.module,3b75aac75dc5f26614dab746da7b081d
"Select the page that contains your privacy policy by entering a search term for the title of that page (e.g. privacy).","Wählen Sie die Seite aus, die Ihre Datenschutzerklärung enthält, indem Sie einen Suchbegriff für den Titel dieser Seite eingeben (z. B. Datenschutz).",,site/modules/FrontendForms/FrontendForms.module,658a5b22c4343bcf0c40d64bc3ec7696
"The link to this page will be used inside the Privacy class for generating the ""Accept the privacy policy"" checkbox.","Der Link zu dieser Seite wird innerhalb der Privacy Klasse für die Erstellung der ""Datenschutz Richtlinie  akzeptieren"" Checkbox genutzt.",,site/modules/FrontendForms/FrontendForms.module,b2037d2cf34d31283e27629ce628a7b1
"Spam protection and security settings for the forms","Spamschutz und Sicherheitseinstellungen für die Formulare",,site/modules/FrontendForms/FrontendForms.module,d948b0979419edaaf3ede78b08431a01
"Make your global settings for spam protection and security. Most of the settings can be overwritten on per form base if needed.","Nehmen Sie Ihre globalen Einstellungen für Spamschutz und Sicherheit vor. Die meisten Einstellungen können bei Bedarf pro Formular überschrieben werden.",,site/modules/FrontendForms/FrontendForms.module,c7ba82e5e96eb3b6e938a23b4c6b604f
"Measure 1: Restrict number of failed attempts","Maßnahme 1: Anzahl der Fehlversuche einschränken",,site/modules/FrontendForms/FrontendForms.module,5bfa0474e524b8ae2987579a69cc4dfd
"Max number of failed attempts","Maximale Anzahl fehlgeschlagener Versuche",,site/modules/FrontendForms/FrontendForms.module,e446ef24e3fe0ea378879d31137081d6
"Please set the max number of failed attempts for submitting a form.","Bitte legen Sie die maximal erlaubte Anzahl fehlgeschlagener Versuche zum Absenden eines Formulars fest.",,site/modules/FrontendForms/FrontendForms.module,12aed548ee688777aedc68a3ffeaa02d
"If set to 0 then this feature is disabled. After reaching the limit the user will be blocked by using a session and all browser windows have to be closed to remove the blocking.","Wenn auf 0 gesetzt, ist diese Funktion deaktiviert. Nach Erreichen des Limits wird der Benutzer für die aktuelle Sitzung blockiert und alle Browserfenster müssen geschlossen werden, um die Blockierung aufzuheben.",,site/modules/FrontendForms/FrontendForms.module,754b0201c107af8438c3fc0dff871d81
"Log IPs of blocked visitors","IP-Adressen blockierter Besucher loggen",,site/modules/FrontendForms/FrontendForms.module,f61c8434d727f79a4ed033ae983a64b9
"If the box is checked, an entry with the IP address of the visitor, the form id and the date will be stored in the logfiles after the visitor was blocked.","Wenn diese Box markiert ist, dann wird ein Eintrag mit der IP-Adresse des Besuchers, der Formular ID und dem Datum in die Log-Dateien geschrieben, sobald ein Besucher gesperrt wurde.",,site/modules/FrontendForms/FrontendForms.module,b5df7d3e871c3e99fe9235b5e95ab2fe
"Please note, that you have to inform your users in your privacy policy, that the IP address will be stored in this case.","Bitte beachten Sie, dass Sie Ihre Nutzer in Ihrer Datenschutzerklärung darauf hinweisen müssen, dass in diesem Fall die IP-Adresse gespeichert wird.",,site/modules/FrontendForms/FrontendForms.module,78a1cef918f4226af7097ed07914ea7d
"Measure 2: Time-trap - Measuring time until form submission","Maßnahme 2: Zeitfalle – Messung der Zeit bis zum Absenden des Formulars",,site/modules/FrontendForms/FrontendForms.module,5504982d2bb660c3327806054dc09d5c
"Min time before form submission","Mindestzeit für das Absenden des Formulars",,site/modules/FrontendForms/FrontendForms.module,c18393d954f62604d9f34be940b2b4ab
"Please set the min time in seconds before a form should be submitted.","Bitte legen Sie die Mindestzeit in Sekunden fest, bevor ein Formular abgesendet werden darf.",,site/modules/FrontendForms/FrontendForms.module,0485473a9712015f60760549e57e2c6d
"If set to 0 then this feature is disabled. This feature measures the time between loading and submitting a form. If it is to fast (fe a spam bot) it will lead to a form error. ","Wenn auf 0 gesetzt, ist diese Funktion deaktiviert. Diese Funktion misst die Zeit zwischen dem Laden und Absenden eines Formulars. Wenn es zu schnell abgesendet wird (z. B. ein Spam-Bot), führt dies zu einem Formularfehler.",,site/modules/FrontendForms/FrontendForms.module,7c7ae07258f9227ba85f1f8ee9e005eb
"Max time until form submission","Maximale Zeit bis zum Absenden des Formulars",,site/modules/FrontendForms/FrontendForms.module,5622c3cbb7ef8c0fae9e2e28120a2e38
"Please set the max time in seconds until a form should be submitted.","Bitte stellen Sie die maximale Zeit in Sekunden ein, bis zu der ein Formular abgesendet werden muss.",,site/modules/FrontendForms/FrontendForms.module,9e3909f2bb5f12b4b6b4514d23f41bdf
"If set to 0 then this feature is disabled. This feature measures the time between loading and submitting a form. If it is to slow (fe a spam bot analyzing the form) it will lead to a form error. ","Wenn auf 0 gesetzt, ist diese Funktion deaktiviert. Diese Funktion misst die Zeit zwischen dem Laden und Absenden eines Formulars. Wenn die Zeitspanne zu lange ist (z. B. wenn ein Spam-Bot das Formular analysiert), führt dies zu einem Formularfehler.",,site/modules/FrontendForms/FrontendForms.module,d31721ec7a27f1cd09ec10f10cebf88f
"Measure 3: Honeypot field","Maßnahme 3: Honeypot field",,site/modules/FrontendForms/FrontendForms.module,4320c93ec048c331f3ad3e101522f505
"Add honeypot field to form","Ein Honeypot-Feld zum Formular hinzufügen",,site/modules/FrontendForms/FrontendForms.module,81644780bcc7945b7e9a887d8c959f4b
"If the box is checked, an invisible honeypot field for spam protection will be added to the form.","Wenn die Box markiert ist, dann wird ein unsichtbares Honeypot-Feld als Spam-Schutz zum Formular hinzugefügt.",,site/modules/FrontendForms/FrontendForms.module,ccc4f0013866de7c16f450c3697e17e5
"It is recommended to use a honeypot field. Disable this feature only if you have a good reason to do so.","Es wird empfohlen das Honeypot-Feld zu verwenden. Deaktivieren Sie diese Funktion nur, wenn Sie einen wirklich guten Grund dazu haben.",,site/modules/FrontendForms/FrontendForms.module,27dd2d676c95f2a4eb948201642370cf
"Measure 4: Using IP blacklist","Maßnahme 4: IP-Blacklist verwenden",,site/modules/FrontendForms/FrontendForms.module,4f534cf37ae3780a28e420034d067e92
"Check IP of visitors","Die IP-Adresse von Besuchern überprüfen",,site/modules/FrontendForms/FrontendForms.module,938c38d175ad8e62e626c1cde8188ab9
"Enable checking of visitors IP against blacklist","Die Prüfung der Besucher IP-Adressen in Bezug auf die Blacklist aktivieren",,site/modules/FrontendForms/FrontendForms.module,df6cc1214358a05197841883566dc289
"You can prevent IP addresses from viewing your forms, if they might be harmful to your site. By checking/unchecking the box, you can enable/disable the checking against the blacklist.","Sie können IP-Adressen, welche möglicherweise Schaden auf der Seite verursachen könnten, von der Anzeige der Formulare ausschließen. Durch ankreuzen/entfernen des Hakens bei der Box können sie die Prüfung aktivieren oder unterbinden.",,site/modules/FrontendForms/FrontendForms.module,98c877cac3653e94f97c9bafcbc1b769
"This only works, if there is at least 1 entry in the next input field","Dies funktioniert aber nur, sofern mindestens 1 Eintrag im nächsten Eingabefeld vorhanden ist",,site/modules/FrontendForms/FrontendForms.module,55f5519cb2dac23306b2462b50f77aa2
"Blacklist of forbidden IPs","Blacklist der verbotenen IP-Adressen",,site/modules/FrontendForms/FrontendForms.module,dfe3af10424e82fb310981855ad187b8
"Please enter every IP address on a new line. Every visit of an IP address listed below prevents the form to be rendered on the frontend. Visitors see an alert box instead, that informs about the banned IP address.","Bitte geben Sie jede IP-Adresse in einer neuen Zeile ein. Jeder Besuch einer unten aufgeführten IP-Adresse verhindert die Darstellung des Formulars im Frontend. Besucher sehen stattdessen eine Meldung, die über die gesperrte IP-Adresse informiert.",,site/modules/FrontendForms/FrontendForms.module,581afc9021929d07a2eaf6015e23df2e
"Tip: You can take a look at the logfile for failed login attempts and enter fe. IP addresses that appear very often. Works only if logging failed attempts is enabled.","Tipp: Sie können sich die Logdatei für fehlgeschlagene Anmeldeversuche ansehen und dort z. IP-Adressen herausfiltern, die sehr häufig vorkommen . Funktioniert nur, wenn die Protokollierung fehlgeschlagener Versuche aktiviert ist.",,site/modules/FrontendForms/FrontendForms.module,ac2812338c71d2f2dee5988591a7758a
"(disabled: Please enable GD lib to enable CAPTCHA support)","(deaktiviert: Bitte aktivieren Sie GD lib um CAPTCHAs verwenden zu können)",,site/modules/FrontendForms/FrontendForms.module,0c18fdfd8f844b5490c3cc306b661716
"Measure 5: CAPTCHA","Maßnahme 5: CAPTCHA",,site/modules/FrontendForms/FrontendForms.module,9119b3ae6e7f3e3cc764b332e5c4b0f3
"Basic settings",Grundeinstellungen,,site/modules/FrontendForms/FrontendForms.module,93d74901738e996378295fb0a59bb977
"Use a CAPTCHA","Ein CAPTCHA verwenden",,site/modules/FrontendForms/FrontendForms.module,8edddf79a5b26d52c5d88d5df2ef5c53
"Choose whether you want to use a CAPTCHA and if so what kind.","Wählen Sie aus, ob Sie ein CAPTCHA verwenden möchten und wenn ja, welches.",,site/modules/FrontendForms/FrontendForms.module,e9df51855a34a5fc76ac19ae2feb3a01
"No CAPTCHA","Kein CAPTCHA",,site/modules/FrontendForms/FrontendForms.module,b23bb4764e36673626f332b94178c5ec
"Most visitors do not like CAPTCHAS, so it is recommended to use it only if you have problems with spam. If a CAPTCHA is enabled and you want to disable it on a certain form, please use the following method:","Die meisten Besucher mögen keine CAPTCHAS, daher wird empfohlen, sie nur zu verwenden, wenn Sie Probleme mit Spam haben. Wenn ein CAPTCHA aktiviert ist und Sie es auf einem bestimmten Formular deaktivieren möchten, verwenden Sie bitte die folgende Methode:",,site/modules/FrontendForms/FrontendForms.module,adef035ce4d4b3a4429ad4f3816e0c9f
"Image width",Bildbreite,,site/modules/FrontendForms/FrontendForms.module,6fed80a8c8ded2f5e14a687e4a443abc
"Please enter the width of the CAPTCHA image.","Bitte geben Sie die Breite des CAPTCHA-Bildes ein.",,site/modules/FrontendForms/FrontendForms.module,d3d1465e3f3487c41ab326e01b1af0f5
"Please enter the height of the CAPTCHA image.","Bitte geben Sie die Höhe des CAPTCHA-Bildes ein.",,site/modules/FrontendForms/FrontendForms.module,31ae3fed05208e141c7d53e5ba81f7b3
"Image height",Bildhöhe,,site/modules/FrontendForms/FrontendForms.module,2aa3aa9d021c7cfffb5afa08f52fbc51
Offset,=,,site/modules/FrontendForms/FrontendForms.module,dfd0a82c4bf37b1e90b690a22a20692e
"Please set the offset in px for the puzzle piece.","Bitte stellen Sie den Offset in px für das Puzzleteil ein.",,site/modules/FrontendForms/FrontendForms.module,768eca1ed547eca00ccf011d5965dcf3
"The lower the value, the more precisely the puzzle piece must be placed (highest allowed value: 25)","Je niedriger der Wert, desto genauer muss das Puzzleteil platziert werden (höchst möglicher Wert: 25)",,site/modules/FrontendForms/FrontendForms.module,125e79ecb78f0bd719a4f1ce1d0b0bcd
"Please enter a simple question.","Bitte geben Sie eine einfache Frage ein.",,site/modules/FrontendForms/FrontendForms.module,43741f6690a2e9fdfeb31bec1256a6e3
Question,Frage,,site/modules/FrontendForms/FrontendForms.module,a97ea56b0e00b2379736ae60869ff66a
"The question should be as simple as possible.","Die Frage sollte so einfach wie möglich zu beantworten sein.",,site/modules/FrontendForms/FrontendForms.module,26deae250b75041ac95356308282b3cd
"For example: What color has a green apple?","Zum Beispiel: Welche Farbe hat ein grüner Apfel",,site/modules/FrontendForms/FrontendForms.module,9ab98b4c1aeeff244bb72c7c32a24bb3
"Please enter various accepted answers (each on a separate line!!).","Bitte geben Sie verschiedene akzeptierte Antworten ein (jede in eine eigene Zeile!!).",,site/modules/FrontendForms/FrontendForms.module,2a7d24a0ec9fd2aa89bf61daf2cfd703
"Accepted answers","Akzeptierte Antworten",,site/modules/FrontendForms/FrontendForms.module,cce75deb233360295f6767182c938f32
"You can enter as many possible answers as you want, but at least one. You do not have to pay attention to upper and lower case letters (For example: ""Green"" ist the same as ""green"").","Sie können so viele Antworten eingeben, wie Sie möchten, aber mindestens eine muss eingegeben werden. Sie müssen nicht auf Groß- und Kleinschreibung achten (zum Beispiel: ""Grün"" ist dasselbe wie ""grün"").",,site/modules/FrontendForms/FrontendForms.module,0a21b20cae23f15cb9670eaa9a43c176
"Enter serveral answers (each on a new line) that will be accepted. For example: green, color green, is green","Geben Sie mehrere Antworten ein, die akzeptiert werden (jede in einer neuen Zeile). Zum Beispiel: grün, Farbe grün, ist grün",,site/modules/FrontendForms/FrontendForms.module,718ff6327d50b46b85385ef573e025b9
"Image background settings","Einstellungen für den Bildhintergrund",,site/modules/FrontendForms/FrontendForms.module,ee19916811cfab5d6de311e94d3c49a9
"Set the styling of the background for the CAPTCHA image.","Legen Sie das Design des Hintergrunds für das CAPTCHA-Bild fest.",,site/modules/FrontendForms/FrontendForms.module,1d44ca6ef8dd52497b29a9c37f76eaf2
"Random or custom colors","Zufällige oder benutzerdefinierte Farben",,site/modules/FrontendForms/FrontendForms.module,f25c9776cc2d89abe89e9fa7f2281652
"Select if you want to use (a) certain color(s) or (a) random color(s) for the background.","Wählen Sie aus, ob Sie (eine) bestimmte Farbe(n) oder (eine) zufällige(n) Farbe(n) für den Hintergrund verwenden möchten.",,site/modules/FrontendForms/FrontendForms.module,71c08e5d1f7f44044a094b39bf5e565a
"If you want to adapt the color(s) to your project design, it is recommended to use custom color(s) instead of random.","Wenn Sie die Farbe(n) an Ihr Projektdesign anpassen möchten, wird empfohlen, benutzerdefinierte Farbe(n) anstelle von zufälligen Farben zu verwenden.",,site/modules/FrontendForms/FrontendForms.module,55d725efd297c4b468dc7518cc40eb82
"Custom color(s)","Benutzerdefinierte Farbe(n)",,site/modules/FrontendForms/FrontendForms.module,ebabdd05abebec507a4c6ef7146dcaba
"Random color(s)","Zufällige Farbe(n)",,site/modules/FrontendForms/FrontendForms.module,d120d366f6a0e5056d21f11cc3559ff9
"Number of colors","Anzahl der Farben",,site/modules/FrontendForms/FrontendForms.module,99274ce1196f2c3e23a38225b8bbed64
"Select how much random colors should be used for the background","Wählen Sie aus, wie viele zufällige Farben für den Hintergrund verwendet werden sollen",,site/modules/FrontendForms/FrontendForms.module,587cc4e09504f450da1a3b95a6092fe9
"If set to 0, then there is no limit for the colors, but it is recommended not to set the value too high. A good starting point will be 5.","Wenn der Wert auf 0 gesetzt ist, gibt es keine Begrenzung für die Farben, aber es wird empfohlen, den Wert nicht zu hoch einzustellen. Ein guter Ausgangspunkt ist 5.",,site/modules/FrontendForms/FrontendForms.module,9b8f7d9269ac6709628797704e7a4b77
"The color(s) for the background","Die Farbe(n) für den Hintergrund",,site/modules/FrontendForms/FrontendForms.module,9b046f93a31816c966e27f64b05d9cd7
"Set the colors for the background in HEX color format (fe #ddd). Each color must be written on a new line.","Geben Sie die Farben für den Hintergrund im HEX-Farbformat ein (zB #ddd). Jede Farbe muss in eine neue Zeile geschrieben werden.",,site/modules/FrontendForms/FrontendForms.module,76fe7dd3b8f82c279b2763d6ca04bc22
"At least one color is required, but it is recommended to use more than 1 color to make the background more inhomogeneous and therefore more difficult for spam bots to read the content","Mindestens eine Farbe ist erforderlich. Es wird jedoch empfohlen, mehr als 1 Farbe zu verwenden, um den Hintergrund inhomogener zu gestalten und somit für Spam-Bots das Lesen des Inhalts zu erschweren.",,site/modules/FrontendForms/FrontendForms.module,3ba79bd84460b3fc81eebc4843037163
"Character settings",Zeichen-Einstellungen,,site/modules/FrontendForms/FrontendForms.module,afed711430f187894468d6b1f4aa183d
"Set the styling of the text (character string or calculation) based on your own preferences.","Legen Sie die Gestaltung des Textes (Zufallstext oder Berechnung) nach Ihren eigenen Vorlieben fest.",,site/modules/FrontendForms/FrontendForms.module,283c028cbe75c4877a15759ac4930553
"Refresh all font files","Aktualisieren Sie alle Schriftartdateien",,site/modules/FrontendForms/FrontendForms.module,472cc19d33b43f35dcd12ec4cb24caa7
"Font family",Schriftart,,site/modules/FrontendForms/FrontendForms.module,4c0ff9700cc0ef77c92b2627bdcd1fb8
"Select the font family for the text.","Wählen Sie die Schriftart für den Text aus.",,site/modules/FrontendForms/FrontendForms.module,8f4bd2facb32186e5968770712baddd0
"If there are no files available in the input field or you have transferred the site, please click the button below to refresh all font files.","Wenn im Eingabefeld keine Dateien verfügbar sind oder Sie die Seite übertragen haben, klicken Sie bitte auf die Schaltfläche unten, um alle Schriftartdateien zu aktualisieren.",,site/modules/FrontendForms/FrontendForms.module,8c521358e299e7318acc203ed1db0ea1
"Font size",Schriftgröße,,site/modules/FrontendForms/FrontendForms.module,c4943062b634c56348c67fdebba808eb
"Set the font size for the text.","Legen Sie die Schriftgröße für den Text fest.",,site/modules/FrontendForms/FrontendForms.module,60973eb094a3786a796064423aa20426
"Font color",Schriftfarbe,,site/modules/FrontendForms/FrontendForms.module,ad32ba59a021a0d085e49b3659b49a61
"Set the color for the text.","Legen Sie die Schriftfarbe für den Text fest.",,site/modules/FrontendForms/FrontendForms.module,27809ad6c5bcee11ff20693795d45b0c
"Please enter a valid HEX color code.","Bitte geben Sie einen gültigen HEX-Farbcode ein.",,site/modules/FrontendForms/FrontendForms.module,ffa799e120c7103672b4557e76df0f8a
Characterset,Zeichensatz,,site/modules/FrontendForms/FrontendForms.module,5f3ecf11d83ac2aa0b53a9bbeea203d0
"Enter the characters, that should be used to create a random text for CAPTCHAS.","Geben Sie die Zeichen ein, die verwendet werden sollen, um einen zufälligen Text für CAPTCHAS zu erstellen.",,site/modules/FrontendForms/FrontendForms.module,6a85062d0c804b4c5adf43fa1ca5aed5
"Number of characters","Anzahl der Zeichen",,site/modules/FrontendForms/FrontendForms.module,c1a1e703a48e07a079ac1ccb0f0d8aa0
"Enter the number of character you want the text to consist of (A recommended value is 4 or 5).","Geben Sie die Anzahl der Zeichen ein, aus denen der Text bestehen soll (ein empfohlener Wert ist 4 oder 5).",,site/modules/FrontendForms/FrontendForms.module,fb1c8d142fac600867b13d5f067ed462
"Characters not in one line","Zeichen nicht in einer Zeile",,site/modules/FrontendForms/FrontendForms.module,15a582488065b792fb92fe9386197434
"Position characters randomly","Zeichen per Zufallsprinzip positionieren",,site/modules/FrontendForms/FrontendForms.module,860dc181140a829f649a0755ae31d021
"If checked, the characters the text consists of will not be displayed in one line. They will be displayed randomly in various positions and angles (recommended).","Wenn diese Option aktiviert ist, werden die Zeichen, aus denen der Text besteht, nicht in einer Zeile angezeigt. Sie werden zufällig in verschiedenen Positionen und Winkeln angezeigt (empfohlen).",,site/modules/FrontendForms/FrontendForms.module,c37d99f65e8e2085868792f5e1f4b5ff
"Distortion lines",Verzerrungslinien,,site/modules/FrontendForms/FrontendForms.module,4beb44eafdd5231978423b469bd971a1
"Add distortion lines over the image to make it more difficult for spam bots to read the content.","Fügen Sie Verzerrungslinien über dem Bild hinzu, um Spam-Bots das Lesen des Inhalts zu erschweren.",,site/modules/FrontendForms/FrontendForms.module,e7e24b0cf5186dc4c18173adbd031c94
"Number of distortion lines","Anzahl der Verzerrungslinien",,site/modules/FrontendForms/FrontendForms.module,8519b96a86ba24b5f6883b8200b91b9f
"Set how many lines should be drawn over the image.","Wählen Sie aus, wieviele Linien über das Bild gezogen werden sollen.",,site/modules/FrontendForms/FrontendForms.module,72d25d42255fc8d96adbfd4c5e9ba8f2
"If set to 0 then this feature is disabled. Max number is 100. You can enter the number in steps of 5. Afterwards check it on the frontend by refreshing the CAPTCHA multiple times, if the amount of lines is too low or to high.","Wenn der Wert auf 0 gesetzt wird, dann ist diese Funktion deaktiviert. Die maximale Anzahl ist 100. Sie können die Anzahl in 5er-Schritten eingeben. Überprüfen Sie anschließend im Frontend, indem Sie das CAPTCHA mehrmals aktualisieren, ob die Anzahl der Zeilen zu niedrig oder zu hoch ist.",,site/modules/FrontendForms/FrontendForms.module,14e239cd93d64e4390ed975a753bfaf3
"Select if you want to use (a) certain color(s) or (a) random color(s) for the lines.","Wählen Sie aus, ob Sie (eine) bestimmte Farbe(n) oder (eine) zufällige Farbe(n) für die Linien verwenden möchten.",,site/modules/FrontendForms/FrontendForms.module,491a6cac8541cc78d7925c3ceef7f024
"Custom colors","Benutzerdefinierte Farben",,site/modules/FrontendForms/FrontendForms.module,4d242c36821c23128c3179f40c446885
"Random colors","Zufällige Farben",,site/modules/FrontendForms/FrontendForms.module,62bb385691974ed7640884c322b44caa
"Select how much random colors should be used for the lines.","Wählen Sie aus, wie viele zufällige Farben für die Linien verwendet werden sollen.",,site/modules/FrontendForms/FrontendForms.module,f630b4caba21e4aaffa8ae4f44336dd5
"If you enter the value 0, then the number of colors used is equal to the number of distortion lines. On the other hand, the entered value corresponds to the number of colors that are used.","Wenn Sie den Wert 0 eingeben, entspricht die Anzahl der verwendeten Farben der Anzahl der Verzerrungslinien. Andererseits entspricht der eingegebene Wert der Anzahl der verwendeten Farben.",,site/modules/FrontendForms/FrontendForms.module,84b49b3ce15277fa4de2a0f77d0fe387
"The color(s) for the lines above the image","Die Farbe(n) für die Linien über dem Bild",,site/modules/FrontendForms/FrontendForms.module,b9907f099940b663fa9e076f641480cd
"Set the colors for the lines in HEX color format (fe #000). Each color must be written on a new line.","Geben Sie die Farben für die Linien im HEX-Farbformat ein (zB #000). Jede Farbe muss in eine neue Zeile geschrieben werden.",,site/modules/FrontendForms/FrontendForms.module,5e91bb7b7d7257ccb7a9c60771ef7012
"At least one color is required, but it is recommended to use more than 1 color to make the lines more inhomogeneous and therefore more difficult for spam bots to read the content.","Mindestens eine Farbe ist erforderlich, es wird jedoch empfohlen, mehr als 1 Farbe zu verwenden, um die Linien inhomogener zu gestalten und somit für Spam-Bots das Lesen des Inhalts zu erschweren.",,site/modules/FrontendForms/FrontendForms.module,511caa2f1e3219908a3597d4f5288adf
"Image filters",Bildfilter,,site/modules/FrontendForms/FrontendForms.module,48bcdf367c079bbfc5f5233f6432bd9e
"Add filters to images to make it more difficult to identify the content.","Fügen Sie Filter zu Bildern hinzu, um die Erkennung des Inhalts zu erschweren.",,site/modules/FrontendForms/FrontendForms.module,6dd9fd1b2f363d2d5c5e8365f429891f
Blur,Verwischen,,site/modules/FrontendForms/FrontendForms.module,8b52de510bc5497ac43abfe566be48ab
"Blur the image by selecting the blur value: The higher the value, the stronger the blur effect.","Verwischen Sie das Bild, indem Sie den Unschärfewert auswählen: Je höher der Wert, desto stärker der Unschärfeeffekt.",,site/modules/FrontendForms/FrontendForms.module,bbef5aa6cc8511a8edca9773fa084861
"If you enter the value 0, then the blur effect is disabled. The maximum value is 10.","Wenn Sie den Wert 0 eingeben, wird der Blur-Effekt deaktiviert. Der Maximalwert beträgt 10.",,site/modules/FrontendForms/FrontendForms.module,7d80c2f87c30b8aa210c4bb6650f4a1a
Pixelate,Verpixeln,,site/modules/FrontendForms/FrontendForms.module,ede099ef4618afd096177ccb467e265e
"Pixelate the image by selecting the pixelate value: The higher the value, the stronger the pixelate effect.","Verpixeln Sie das Bild, indem Sie den Verpixelungswert auswählen: Je höher der Wert, desto stärker der Verpixelungseffekt.",,site/modules/FrontendForms/FrontendForms.module,b2dad63dabd1b3e13d1da4808e29ef1e
"If you enter the value 0, then the pixelate effect is disabled. The maximum value is 5.","Wenn Sie den Wert 0 eingeben, wird der Pixeleffekt deaktiviert. Der Maximalwert beträgt 5.",,site/modules/FrontendForms/FrontendForms.module,bbe0703acd4b287327a3656e78aca3dc
Grayscale,Graustufen,,site/modules/FrontendForms/FrontendForms.module,d3f6975213fb5546d8486b54b025dbd7
"Remove colors from the image","Entfernen Sie Farben aus dem Bild",,site/modules/FrontendForms/FrontendForms.module,4aa81c1497ba7c1440416a9141c944ed
"By clicking the box, all colors of the image will be removed.","Durch Anklicken des Kästchens werden alle Farben des Bildes entfernt.",,site/modules/FrontendForms/FrontendForms.module,7aee2ffca0b08af0d124bbfb2a4cfa4d
"Measure 6: Password field settings","Maßnahme 6: Passwortfeldeinstellungen",,site/modules/FrontendForms/FrontendForms.module,5ee3e61a7f764ca8a3bd077cf845e39b
"Increase site security by checking passwords against a blacklist of popular passwords. This is useful if you offer user registration on your site to prevent users entering unsafe passwords.","Erhöhen Sie die Sicherheit Ihrer Website, indem Sie Passwörter mit einer Blacklist beliebter Passwörter vergleichen. Dies ist nützlich, wenn Sie eine Benutzerregistrierung auf Ihrer Website anbieten, um zu verhindern, dass Benutzer unsichere Passwörter verwenden.",,site/modules/FrontendForms/FrontendForms.module,133caad862ece632e59451e3b1cd6c07
"Password blacklist","Passwörter Blacklist",,site/modules/FrontendForms/FrontendForms.module,1d7943b0b5369c708f0b1940e07ae03e
"Enter passwords, that are forbidden (each on a new line).","Geben Sie Passwörter ein, die verboten sind (jeder Eintrag in einer neuen Zeile).",,site/modules/FrontendForms/FrontendForms.module,0d115dd1fb4cf58b2ec6dc7822f3a88c
"This list will be used by the ""safePassword"" validator to validate a password field against unsafe passwords.","Diese Liste wird vom ""safePassword""-Validator verwendet, um ein Passwortfeld gegen unsichere Passwörter zu validieren.",,site/modules/FrontendForms/FrontendForms.module,ce1c6c0ced054ae23a321c48b45ac302
"The validator returns false, if the password was found on the blacklist, otherwise true.","Der Validator gibt false zurück, wenn das Passwort auf der Blacklist gefunden wurde, ansonsten true.",,site/modules/FrontendForms/FrontendForms.module,b6cf1acd91e352816808c3913e07c5d1
"The list will be populated automatically with appropriate passwords from the top 100 passwords list below, but you can add your own passwords too - They will not get overwritten during the blacklistlist update.","Die Liste wird automatisch mit den passenden Passwörtern aus der Top-100-Passwortliste weiter unten abgeglichen, aber Sie können auch Ihre eigenen Passwörter hinzufügen – diese werden während der Aktualisierung der Blacklist nicht überschrieben.",,site/modules/FrontendForms/FrontendForms.module,d790ea07d2e07faf567a50419d39dca2
"Current number of entries in the blacklist: %s.","Aktuelle Anzahl der Einträge in der Blacklist: %s.",,site/modules/FrontendForms/FrontendForms.module,993f2e329f72b2d0870250b5c50f5d73
"Last update of the blacklist: %s.","Letzte Aktualisierung der Blacklist: %s.",,site/modules/FrontendForms/FrontendForms.module,bb2213b318964547475f73f3fb953dc0
"List of top 100 most common passwords","Liste der 100 häufigsten Passwörter",,site/modules/FrontendForms/FrontendForms.module,1a2221effd2dd07046ab56d166bcce74
"The passwords in the list below are unsafe and a serious security issue for each account on your site.","Die Passwörter in der folgenden Liste sind unsicher und stellen ein ernsthaftes Sicherheitsproblem für jedes Konto auf Ihrer Website dar.",,site/modules/FrontendForms/FrontendForms.module,6b79473f36991081d423f6513a123adf
"All passwords were taken from %s (Open Web Application Security Project).","Alle Passwörter wurden von %s (Open Web Application Security Project) übernommen.",,site/modules/FrontendForms/FrontendForms.module,d0b42da605a0606ecd8fa960841ce7af
"Source of the passwords: %s","Quelle der Passwörter: %s",,site/modules/FrontendForms/FrontendForms.module,77c85a1a4109581578458405b756c2e9
"Please note:","Bitte beachten Sie:",,site/modules/FrontendForms/FrontendForms.module,46889411c124e301871882ff4073fc92
"Only passwords that matches your password requirements will be added to the blacklist after pressing the update button or during the automatic update.","Nur Passwörter, die Ihren Passwortanforderungen entsprechen, werden nach dem Drücken des Update-Button oder während des automatischen Updates zur Blacklist hinzugefügt.",,site/modules/FrontendForms/FrontendForms.module,59b1ad05932fd2b86fc45b0e09b198df
"Passwords which do not fulfill your password requirements, do not need to be on the list and will be filtered out before. The blacklist should be as short as possible to prevent performance issues.","Passwörter, welche Ihre Passwortanforderungen nicht erfüllen, müssen nicht auf der Liste stehen und werden vorher ausgefiltert. Die Blacklist sollte so kurz wie möglich sein, um Performance-Probleme zu vermeiden.",,site/modules/FrontendForms/FrontendForms.module,458339b982f4d2daa634c9b1e9d089fb
"If your blacklist is very long, it would be better to increase the password requirements.","Sollte Ihre Blacklist sehr lang sein, so wäre es ratsam, die Passwortanforderungen zu erhöhen.",,site/modules/FrontendForms/FrontendForms.module,a25acf3cd1f2fdd333d1303edb97e150
"If no passwords from this list will be added does not mean that it would not work - it means that your password requirements are high enough to filter out all of these passwords before.","Wenn keine Passwörter aus dieser Liste zur Blacklist hinzugefügt werden, bedeutet das nicht, dass es nicht funktionieren würde – es bedeutet, dass Ihre Passwortanforderungen hoch genug sind, um alle diese Passwörter vorher herauszufiltern.",,site/modules/FrontendForms/FrontendForms.module,f9fbc00e63ce069fc76155e22f858b11
"Current password requirements settings:","Aktuelle Einstellungen für Passwortanforderungen:",,site/modules/FrontendForms/FrontendForms.module,96823f990b24a8434d6f384f886cac1f
"A password must contain at least one of the following characters:","Ein Passwort muss mindestens eines der folgenden Zeichen enthalten:",,site/modules/FrontendForms/FrontendForms.module,27c0974a7e22792e2c0e27e54f96e9c6
"No password requirements have been set!","Es wurden keine Passwortanforderungen festgelegt!",,site/modules/FrontendForms/FrontendForms.module,979083b28045c36b48be1d5fa27be1a5
"To the password field edit page","Zur Bearbeitungsseite des Passwortfeldes",,site/modules/FrontendForms/FrontendForms.module,ae7850d0d0d0551097e9f426b2bfde13
here,hier,,site/modules/FrontendForms/FrontendForms.module,6c92285fa6d3e827b198d120ea3ac674
"If you have the permission to change the password requirements, you can do it %s.","Wenn Sie die Berechtigung haben, die Passwortanforderungen zu ändern, können Sie dies %s tun.",,site/modules/FrontendForms/FrontendForms.module,845532b7dd03d16d0343c17a7311c660
"The password list will be checked once a month automatically if something has been changed on GitHub.","Die Passwortliste wird einmal im Monat automatisch überprüft, ob sich auf GitHub etwas geändert hat.",,site/modules/FrontendForms/FrontendForms.module,93cbe1827920bbdd2573c4ae92a7950c
"Last download date: %s (%s).","Datum des letzten Downloads: %s (%s).",,site/modules/FrontendForms/FrontendForms.module,28ecd261247fe6c61a385d3ab4fc2685
"Last modification date on GitHub: %s (%s).","Datum der letzten Änderung auf GitHub: %s (%s).",,site/modules/FrontendForms/FrontendForms.module,b96ea78424deca4e1032adb0802d1412
"Last automatic check for passwords via CronJob: %s (%s).","Letzte automatische Passwortüberprüfung mittels CronJob: %s (%s).",,site/modules/FrontendForms/FrontendForms.module,b902686b3f281acb10482c7d26fa8f87
"After the check, all passwords that fulfill your password requirements and are not on your blacklist, will be added automatically.","Nach der Prüfung werden alle Passwörter, die Ihre Passwortanforderungen erfüllen und nicht auf Ihrer Blacklist stehen, automatisch zu dieser hinzugefügt.",,site/modules/FrontendForms/FrontendForms.module,6bc6e0d1f764efb00040aac49eaaec53
"You do not need to add them manually.","Sie müssen diese nicht manuell hinzufügen.",,site/modules/FrontendForms/FrontendForms.module,e3ffe31b2046f8826e95d725ebaef1fd
"If you do not want to wait until the next automatic update, you can update your blacklist manually by pressing the button below.","Wenn Sie nicht bis zur nächsten automatischen Aktualisierung warten möchten, können Sie Ihre Blacklist manuell aktualisieren, indem Sie auf den Button ""Blacklist manuell aktualisieren"" klicken.",,site/modules/FrontendForms/FrontendForms.module,e912e71e62f77e3fffe781d3c91974fd
"Update blacklist manually","Blacklist manuell aktualisieren",,site/modules/FrontendForms/FrontendForms.module,6329ceb780aab5da57c1c79443c73c39
"Top 100 most common passwords in %s (Last list update on GitHub: %s)","Die 100 häufigsten Passwörter in %s (Letzte Aktualisierung der Liste auf GitHub: %s)",,site/modules/FrontendForms/FrontendForms.module,417a20d3e4484f039e5b24f93d03da6e
"Passwords with a colored background are on your blacklist.","Passwörter mit einem farbigen Hintergrund befinden sich bereits auf Ihrer Blacklist.",,site/modules/FrontendForms/FrontendForms.module,99de8df35b1830663c49b938281472c3
"Sorry, but the file passwords.txt does not exist. Please press the update button above.","Leider existiert die Datei passwords.txt nicht. Bitte klicken Sie oben auf den ""Blacklist manuell aktualisieren"" Button.",,site/modules/FrontendForms/FrontendForms.module,572d75e94ed50b9994a0d578b2c553ce
"Measure 7: HTML5 browser validation","Maßnahme 7: HTML5 Browser Validierung",,site/modules/FrontendForms/FrontendForms.module,9d9f46a2c4ba5210752aef4b7d02a010
"Use HTML5 browser validation in addition to server side validation.","Verwenden Sie zusätzlich zur serverseitigen Validierung die HTML5-Browservalidierung",,site/modules/FrontendForms/FrontendForms.module,24f55ddac7dd6ef394098749b8a036c8
"Enable HTML5 browser validation in addition to the server side validation.","Aktivieren Sie die HTML5-Browservalidierung zusätzlich zur serverseitigen Validierung.",,site/modules/FrontendForms/FrontendForms.module,c5a17e8c2b7f04018408ec66aa34c363
"Enable HTML 5 browser validation","Aktivieren Sie die HTML 5-Browservalidierung",,site/modules/FrontendForms/FrontendForms.module,42042bf663dfeb3433bc58011513377f
"If the box is checked, the form will be validated by the browser at the frontend using HTML5 attributes","Wenn das Kontrollkästchen aktiviert ist, wird das Formular vom Browser im Frontend mithilfe von HTML5-Attributen validiert",,site/modules/FrontendForms/FrontendForms.module,12bdfe265ea4f08d713dc1e7531573d8
"The form will be validated on the server in any case, but you can also use HTML5 browser validation so that the form values are validated before they are sent to the server.","Das Formular wird in jedem Fall auf dem Server validiert, aber Sie können auch die HTML5-Browservalidierung verwenden, damit die Formularwerte auch validiert werden, bevor sie an den Server gesendet werden.",,site/modules/FrontendForms/FrontendForms.module,b78ab1cd18483245a5ab325e6b209ed0
"Measure 8: Stop words to identify SPAM texts","Maßnahme 8: Stoppwörter zur Identifizierung von SPAM-Texten",,site/modules/FrontendForms/FrontendForms.module,25b3f0eaa795100fe4f9c24291ec3f15
"Define some stop words that can be checked via the ""checkContentForSpam"" validator.","Definieren Sie einige Stoppwörter, die über den Validator ""checkContentForSpam"" überprüft werden können.",,site/modules/FrontendForms/FrontendForms.module,7123d891b4eff7c50e0b9306bc457b69
"STOP word list",STOP-Wortliste,,site/modules/FrontendForms/FrontendForms.module,b44b67b26c628993f0fef14e305a1fba
"Enter words that are not allowed in texts (each on a new line).","Geben Sie Wörter ein, die in Texten nicht erlaubt sind (jedes Wort in einer neuen Zeile).",,site/modules/FrontendForms/FrontendForms.module,f568d5a999a59a5aabff2e2f23cb7179
"This list will be used by the ""checkContentForSpam"" validator to validate a text field against STOP words and other SPAM indicators.","Diese Liste wird vom ""checkContentForSpam""-Validator verwendet, um ein Textfeld mit STOP-Wörtern und anderen SPAM-Indikatoren zu überprüfen.",,site/modules/FrontendForms/FrontendForms.module,bc7aafc341a5978f2bd04c20859772d7
"The validator returns false, if a lot of SPAM indicators (not only STOP words) were found, otherwise true.","Der Validator gibt false zurück, wenn viele SPAM-Indikatoren (nicht nur STOP-Wörter) gefunden wurden, ansonsten true.",,site/modules/FrontendForms/FrontendForms.module,38f6995b9ef89f27b1e80d9c2d5f761f
"This validator is especially created for textarea fields, which contain for example a message of a contact form.","Dieser Validator wurde speziell für Texarea-Felder entwickelt, die beispielsweise eine Nachricht eines Kontaktformulars enthalten.",,site/modules/FrontendForms/FrontendForms.module,0ec1afdafb938691c120e2ed55b6fa9b
"This list is for your own custom SPAM words. All other SPAM words (over 60 000) will be taken from %s and will be downloaded to FrontendForms every 4 weeks automatically.","Diese Liste ist für Ihre eigenen benutzerdefinierten SPAM-Wörter. Alle anderen SPAM-Wörter (über 60.000) werden aus %s übernommen und alle 4 Wochen automatisch in FrontendForms heruntergeladen.",,site/modules/FrontendForms/FrontendForms.module,5b761e0a69a936f27a374af9329e6737
"The validator checks whether words from this long list are included in the text, and then marks the text as SPAM.","Der Validator prüft, ob Wörter aus dieser langen Liste im Text enthalten sind, und markiert den Text dann als SPAM.",,site/modules/FrontendForms/FrontendForms.module,e108a8c086d39b0e1af2467862132a59
"The SPAM word list will be checked once every 4 weeks automatically if something has been changed on GitHub.","Die SPAM-Wortliste wird automatisch alle 4 Wochen überprüft, falls sich auf GitHub etwas geändert hat.",,site/modules/FrontendForms/FrontendForms.module,49754ea2c6e133008b608822cbbbd4ac
"Last automatic check for SPAM words via CronJob: %s (%s).","Letzte automatische Überprüfung auf SPAM-Wörter mittels CronJob: %s (%s).",,site/modules/FrontendForms/FrontendForms.module,c788c8c1aac921a3cb15e906efb7e55b
"If you do not want to wait until the next automatic update, you can update the SPAM word list manually by pressing the button below.","Wenn Sie nicht auf das nächste automatische Update warten möchten, können Sie die SPAM-Wortliste manuell aktualisieren, indem Sie den untenstehenden Button drücken.",,site/modules/FrontendForms/FrontendForms.module,19c747a4629d12ed4dc2710b71f6b230
"Update SPAM word list manually","SPAM-Wortliste manuell aktualisieren",,site/modules/FrontendForms/FrontendForms.module,6da37ad56612350dbb17b4345f0b29f8
"Measure 9: Allowed MIME types for uploads","Maßnahme 9: Erlaubte MIME-Typen für Uploads",,site/modules/FrontendForms/FrontendForms.module,bde37efd049d7f41dd17da4d670e28a3
"Define all MIME types that are allowed for file uploads.","Definieren Sie alle MIME-Typen, die für Datei-Uploads erlaubt sind.",,site/modules/FrontendForms/FrontendForms.module,3f0510f3ef0f4b03cc41976daef44b81
"Allowed MIME Types","Erlaubte MIME-Typen",,site/modules/FrontendForms/FrontendForms.module,17bea38ef2ea817cd3cf6616f41f74c1
"Enter the MIME types that are allowed for file uploads, one per line.","Geben Sie die MIME-Typen ein, die für Datei-Uploads erlaubt sind, einer pro Zeile.",,site/modules/FrontendForms/FrontendForms.module,cee082b5329cf7912ef30747f3c1030f
"Examples of the most commonly used MIME types in web forms:","Beispiele für die am häufigsten verwendeten MIME-Typen in Webformularen:",,site/modules/FrontendForms/FrontendForms.module,1990022f55cb57b5022ec2bd92319a1b
"Examples of dangerous MIME types:","Beispiele für gefährliche MIME-Typen:",,site/modules/FrontendForms/FrontendForms.module,53b0896989fb736ab4833e7697a57e08
"Use the following website to search for MIME types: %s","Nutzen Sie die folgende Website, um nach MIME-Typen zu suchen: %s",,site/modules/FrontendForms/FrontendForms.module,df498d5717d18a314dc0ed3006c0969c
"Some MIME types pose a higher security risk because they can execute code, bypass browser restrictions, or compromise your server if uploaded to a web-accessible directory.","Einige MIME-Typen stellen ein höheres Sicherheitsrisiko dar, da sie Code ausführen, Browserbeschränkungen umgehen oder Ihren Server kompromittieren können, wenn sie in ein webzugängliches Verzeichnis hochgeladen werden.",,site/modules/FrontendForms/FrontendForms.module,d1f3e75d684311e3292821873158d71b
"The most secure approach is to allow only specific MIME types instead of blocking specific MIME types.","Der sicherste Ansatz ist, nur bestimmte MIME-Typen zuzulassen, anstatt bestimmte MIME-Typen zu blockieren.",,site/modules/FrontendForms/FrontendForms.module,36af6fc03e52a0c4fb6e26862225a4f1
"If a user uploads a file with a disallowed MIME type, the form submission will fail and an error message will be displayed.","Wenn ein Benutzer eine Datei mit einem nicht erlaubten MIME-Typ hochlädt, schlägt das Formular fehl und eine Fehlermeldung wird angezeigt.",,site/modules/FrontendForms/FrontendForms.module,7e8d69856e6d8adc0aaafa4e3177be0d
"Just a note: this global setting can be overridden for each file upload field by using the %s validation rule with different values defined directly on the upload field.","Hinweis: Diese globale Einstellung kann für jedes Datei-Upload-Feld überschrieben werden, indem man die %s-Validierungsregel mit unterschiedlichen Werten direkt im Upload-Feld verwendet.",,site/modules/FrontendForms/FrontendForms.module,b50fcd142916c629801719cf7493827c
"If you want to bypass this security check, you can use the %s method on an upload field to disable the global setting.","Wenn Sie diese Sicherheitsprüfung umgehen wollen, können Sie die %s-Methode in einem Upload-Feld verwenden, um die globale Einstellung zu deaktivieren.",,site/modules/FrontendForms/FrontendForms.module,b7058bad072d15aa717b7243acfdc4b1
"MIME types examples:","Beispiele für MIME-Typen:",,site/modules/FrontendForms/FrontendForms.module,d74a3a593a22d4f3e3812012f0d24ff0
"Measure 10: Re-render uploaded images","Maßnahme 10: Hochgeladene Bilder neu rendern",,site/modules/FrontendForms/FrontendForms.module,97e598afb062542d895c9001de901a0c
"Re-render (decode and re-save) uploaded images to strip any hidden payload that might be smuggled inside the original file bytes or metadata.","Hochgeladene Bilder neu rendern (dekodieren und erneut speichern), um versteckte und schädliche Daten zu entfernen, die in den ursprünglichen Dateibytes oder Metadaten eingeschleust worden sein könnten.",,site/modules/FrontendForms/FrontendForms.module,45702437a67f53c4e4ed0c3b576f2c5d
"Image re-rendering setting","Einstellung für die Bild-Neuverarbeitung",,site/modules/FrontendForms/FrontendForms.module,7fb4a8c7243dfe742fd7722be452ebad
"Re-render uploaded images after storing them","Hochgeladene Bilder nach dem Speichern neu rendern",,site/modules/FrontendForms/FrontendForms.module,12df93cb0dfdb44947e6f9999b26dde6
"If checked, every uploaded image is decoded and saved again as a fresh copy of its own pixel data. This removes anything that relied on the original file bytes surviving untouched - e.g. a ""polyglot"" file that is simultaneously a valid image and valid PHP/HTML/JS code, or a payload hidden inside EXIF/metadata fields - regardless of the specific technique used. If unchecked, uploaded images are stored exactly as received.","Wenn diese Option aktiviert ist, wird jedes hochgeladene Bild dekodiert und anschließend als neue Datei gespeichert, die ausschließlich die eigentlichen Pixeldaten enthält. Dadurch werden mögliche schädliche Inhalte entfernt – beispielsweise eine „Polyglot“-Datei, die gleichzeitig ein gültiges Bild und gültiger PHP-/HTML-/JS-Code ist, oder in EXIF-/Metadatenfeldern versteckte Nutzdaten – unabhängig davon, welche konkrete Technik verwendet wurde.
Wenn diese Option deaktiviert ist, werden hochgeladene Bilder exakt so gespeichert, wie sie empfangen wurden.",,site/modules/FrontendForms/FrontendForms.module,60f07bac226563a41dd1977620cd7c08
"Just a note: this global setting can be overridden for each file upload field by using the %s method on the upload field.","Hinweis: Diese globale Einstellung kann für jedes Datei-Upload-Feld individuell überschrieben werden, indem die Methode %s für das Upload-Feld verwendet wird.",,site/modules/FrontendForms/FrontendForms.module,8d124deed6028b4cb723e877cd8f114e
"Statistics of blocked visitors","Statistiken blockierter Besucher",,site/modules/FrontendForms/FrontendForms.module,8f2bb91c583e42fa3e2b720a6c8a192f
"Get information about blocked visitors (IP, form) from the log files","Lassen Sie sich Informationen über blockierte Besucher (IP-Adresse, Formular) aus den Log-Dateien anzeigen",,site/modules/FrontendForms/FrontendForms.module,af58911ece7a676214c04009bdf307f6
"Nothing to show - logfile does not exist","Es gibt leider nichts anzuzeigen - Die Log-Datei existiert nicht.",,site/modules/FrontendForms/FrontendForms.module,ceb9f0db8a96d4c417d41c44f465a2e6
"Logging of failed attempts is not enabled. If you want to use this feature, you need to enable it inside ""Measure 1: Restrict number of failed attempts"".","Die Protokollierung von Fehlversuchen ist nicht aktiviert. Wenn Sie diese Funktion nutzen möchten, müssen Sie diese in ""Maßnahme 1: Anzahl der Fehlversuche einschränken"" aktivieren.",,site/modules/FrontendForms/FrontendForms.module,33c59b12a511c6aa18139beefd6860cb
"""Max number of failed attempts"" must be higher than 0 and  the checkbox ""Log failed attempts"" must be enabled.","Die ""Maximale Anzahl der Fehlversuche"" muss größer als 0 sein und das Kontrollkästchen ""Fehlversuche protokollieren"" muss aktiviert sein.",,site/modules/FrontendForms/FrontendForms.module,5635cc4f8b96d3c90275341be0068233
"Go to the settings to enable logging of failed attemtps","Gehen Sie zu den Einstellungen, um die Protokollierung fehlgeschlagener Versuche zu aktivieren",,site/modules/FrontendForms/FrontendForms.module,460d997b9205d3a198de11fdb0a23c14
"The captchaimage.php file could not be copied to the root directory (%s), because the root directory is not writeable.","Die captchaimage.php Datei konnte nicht in das Stammverzeichnis (%s) kopiert werden, da das Stammverzeichnis nicht beschreibbar ist.",,site/modules/FrontendForms/FrontendForms.module,df8fab9f40e065403f37075117b2a501
"Do not be worry! To fix this issue, please move the file from ""/site/modules/FrontendForms/Formelements/Captcha/captchaimage.php"" to ""%s"" by yourself.","Machen Sie sich keine Sorgen! Um dieses Problem zu beheben, verschieben Sie die Datei bitte selbst von ""/site/modules/FrontendForms/Formelements/Captcha/captchaimage.php"" nach ""%s"".",,site/modules/FrontendForms/FrontendForms.module,891175e69759b61ded4cced3cd78c7f3
"Otherwise you will get an error if you try to use the CAPTCHA on your forms.","Andernfalls erhalten Sie eine Fehlermeldung, wenn Sie versuchen, das CAPTCHA in Ihren Formularen zu verwenden.",,site/modules/FrontendForms/FrontendForms.module,eab3c0ee882228e43d1bf3acf4e8dd25
None,keines,default,site/modules/FrontendForms/FrontendForms.module,6adf97f83acf6453d4a6a4b1070f3754
"Use Custom mail module","Verwendung von Custom-Mail-Modulen",,site/modules/FrontendForms/FrontendForms.module,1d0f09e611ab678bcef1e00af34c5d0f
"Select your preferred module for sending mails.","Wählen Sie Ihre bevorzugtes Modul zum Senden vom Mails aus.",,site/modules/FrontendForms/FrontendForms.module,3b56242115af067eb546fc11abd5c4e2
"By default, all mails will be sent with WireMail, but you can select a custom module from this field for sending mails too.","Standardmäßig werden alle E-Mails mit WireMail versendet, aber Sie können in diesem Feld auch ein benutzerdefiniertes Modul für den Versand von E-Mails auswählen.",,site/modules/FrontendForms/FrontendForms.module,eac81cf85a218bdfa7a2b63d062fe715
Gender,Anrede,,site/modules/FrontendForms/Formelements/Inputelements/Select/defaults/Gender.php,019ec3132cdf8ee0f2e2a75cf5d3e459
"Please select","Bitte auswählen",,site/modules/FrontendForms/Formelements/Inputelements/Select/defaults/Gender.php,992eda0d64a430fa5c7925d23ef9d0a3
Mister,Herr,,site/modules/FrontendForms/Formelements/Inputelements/Select/defaults/Gender.php,c4f448df316abb13eb7eada722c57902
Miss,Frau,,site/modules/FrontendForms/Formelements/Inputelements/Select/defaults/Gender.php,e7ddb7cd777b59610b220bcfa80bd95f
Diverse,Divers,,site/modules/FrontendForms/Formelements/Inputelements/Select/defaults/Gender.php,e67561dfc51195ce1ac515406291900e
"ZIP folder(s) must contain at least %s files","ZIP-Ordner müssen mindestens %s Dateien enthalten",,site/modules/FrontendForms/Formelements/Inputelements/Inputfields.php,f1ad5d525baf191da55e02d01616fc29
"ZIP folders may not contain more than %s files","ZIP-Ordner dürfen nicht mehr als %s Dateien enthalten",,site/modules/FrontendForms/Formelements/Inputelements/Inputfields.php,9d7b73d29ea9f85b12c024be902eb74a
"ZIP files must not exceed a total size of %s when extracted","ZIP-Dateien dürfen nach dem Extrahieren die Gesamtgröße von %s  nicht überschreiten",,site/modules/FrontendForms/Formelements/Inputelements/Inputfields.php,c1a5e479c839d57058bed6198849eedb
"ZIP files must contain the following files: %s","ZIP-Dateien müssen folgende Dateien enthalten: %s",,site/modules/FrontendForms/Formelements/Inputelements/Inputfields.php,26e303a657e662b5f9f1453e7f514182
"Please do not upload more than %s ZIP file(s)","Bitte laden Sie nicht mehr als %s ZIP-Dateien hoch",,site/modules/FrontendForms/Formelements/Inputelements/Inputfields.php,04298dbff163b83c60c6b8994eb7eb51
"The maximum allowed folder/directory depth in a ZIP file is %s","Die maximal erlaubte Ordner-/Verzeichnistiefe in einer ZIP-Datei beträgt %s",,site/modules/FrontendForms/Formelements/Inputelements/Inputfields.php,289e04d80d8c7b4d9c26acf2a8366ea0
"ZIP files may only contain the following file types: %s","ZIP-Dateien dürfen nur die folgenden Dateitypen enthalten: %s",,site/modules/FrontendForms/Formelements/Inputelements/Inputfields.php,df0fc2bb94d191c9cd93d5890ad8efc6
"ZIP files may only contain files which are not larger than %s","ZIP-Dateien können nur Dateien enthalten, deren Dateigröße nicht %s überschreitet",,site/modules/FrontendForms/Formelements/Inputelements/Inputfields.php,6a04bb2130627555c413868486fd4132
"ZIP files may not contain files of the following file types: %s","ZIP-Dateien dürfen keine Dateien der folgenden Dateitypen enthalten: %s",,site/modules/FrontendForms/Formelements/Inputelements/Inputfields.php,e685a1c86131e8f78ed6531ec20cbbde
"Please do not upload files larger than %s","Bitte laden Sie keine Dateien hoch, die größer als %s sind",,site/modules/FrontendForms/Formelements/Inputelements/Inputfields.php,d8b0ef2b22e79194c0cb1e79340e6767
"The total size of all uploaded files must not exceed %s.","Die Gesamtgröße aller hochgeladenen Dateien darf %s nicht überschreiten.",,site/modules/FrontendForms/Formelements/Inputelements/Inputfields.php,679c8947fd87698642698e9571b87b66
"Please do not upload more than %s files","Bitte wählen Sie nicht mehr als %s Dateien aus",,site/modules/FrontendForms/Formelements/Inputelements/Inputfields.php,2e11a9d7108deb69fe82819f5905bfee
"Allowed file types: %s","Erlaubte Dateitypen: %s",,site/modules/FrontendForms/Formelements/Inputelements/Inputfields.php,a0072ad6390e4bf1839ad0ede52c2e69
"Allowed file types inside compressed folder(s): %s","Erlaubte Dateitypen innerhalb von ZIP-Dateien: %s",,site/modules/FrontendForms/Formelements/Inputelements/Inputfields.php,becc30bc5291a8631f3681343530de6a
"%s should only contain letters","%s darf nur Buchstaben enthalten",,site/modules/FrontendForms/Formelements/Inputelements/Inputfields.php,1200911cc09227463a876a1e56e34536
"%s should only contain letters and numbers","%s darf nur Buchstaben und Zahlen enthalten",,site/modules/FrontendForms/Formelements/Inputelements/Inputfields.php,4083de02c277bb0425f3aa9bad2332d0
"%s should only contain allowed characters for names.","%s darf nur erlaubte Zeichen für Namen enthalten.",,site/modules/FrontendForms/Formelements/Inputelements/Inputfields.php,6facae2989c4f1db93ede942ce268737
"%s should only contain ascii characters","%s darf nur ASCII-Zeichen enthalten",,site/modules/FrontendForms/Formelements/Inputelements/Inputfields.php,9dde428a87d3efada8d9a0c198ac0edd
"%s should only contain letters, numbers, underscores or hyphens","%s darf nur Buchstaben, Zahlen, Unterstriche oder Bindestriche enthalten",,site/modules/FrontendForms/Formelements/Inputelements/Inputfields.php,fbb7405f1ba06168450a02769a5e518e
"%s should be a valid URL starting with http:// or https://","%s muss eine gültige URL beginnend die mit http:// oder https:// sein",,site/modules/FrontendForms/Formelements/Inputelements/Inputfields.php,120dffae912cfa02a117a7684bed3c95
"%s should be a valid email address","%s muss eine gültige E-Mail-Adresse sein",,site/modules/FrontendForms/Formelements/Inputelements/Inputfields.php,b250e98dcbdfaed9ef7c189ee93dbdd9
"%s is not a valid time. You have to enter the time in this format: HH:MM:SS (fe. 19:00:00)","%s ist keine gültige Zeit. Sie müssen die Zeit in diesem Format eingeben: HH:MM:SS (z.B. 19:00:00)",,site/modules/FrontendForms/Formelements/Inputelements/Inputfields.php,3b63e2f928f8efe8734bba58bb54eb83
"%s should only contain numbers (integers or floats with a dot, not a comma)","%s sollte nur Zahlen enthalten (ganze Zahlen oder Kommazahlen mit Punkt, kein Komma)",,site/modules/FrontendForms/Formelements/Inputelements/Inputfields.php,e1670e29ba274f888823e37043649475
"%s should only contain integers","%s darf nur Ganzzahlen enthalten",,site/modules/FrontendForms/Formelements/Inputelements/Inputfields.php,175b959de6b30258c49097a92d3b3957
"%s should only contain a valid IP address in the format x.x.x.x","%s darf nur eine gültige IP-Adresse im Format x.x.x.x enthalten",,site/modules/FrontendForms/Formelements/Inputelements/Inputfields.php,0b7dbda7a3f1f8322681cca8107c4e86
"%s should only contain a valid IPv4 address in the format x.x.x.x","%s darf nur eine gültige IPv4-Adresse im Format x.x.x.x enthalten",,site/modules/FrontendForms/Formelements/Inputelements/Inputfields.php,a0d61e675ea7f8e7b05398a8b1a65cb9
"%s should only contain a valid IPv6 address in the format x:x:x:x:x:x:x:x","%s darf nur eine gültige IPv6-Adresse im Format x:x:x:x:x:x:x:x enthalten",,site/modules/FrontendForms/Formelements/Inputelements/Inputfields.php,c524413c58ede6f4029283b534da7846
"%s contains not allowed characters or is longer than 128 characters. Allowed characters are: letters, numbers, underscores and dashes (no whitespaces)","%s enthält nicht erlaubten Zeichen oder ist länger als 128 Zeichen. Erlaubte Zeichen sind: Buchstaben, Zahlen, Unterstriche und Striche (keine Leerzeichen)",,site/modules/FrontendForms/Formelements/Inputelements/Inputfields.php,1561967c772eb4b2cd22b3bfeb59a6bf
"This field","Dieses Feld",,site/modules/FrontendForms/Formelements/Inputelements/Inputfields.php,0dbf6eced8bc871d39cec4d5a145f8a2
"%s contains letters, but they are not allowed","%s enthält Buchstaben welche aber nicht erlaubt sind",,site/modules/FrontendForms/Formelements/Inputelements/Inputfields.php,bf6ac479841bb45d2ee40e1cced66241
"%s must contain the word %s","%s muss das Wort %s enthalten",,site/modules/FrontendForms/Formelements/Inputelements/Inputfields.php,e578185cfdb5bb878f5b48f7901848d2
"%s should only contain a valid month in the format YYYY-MM","muss ein gültiges Monat im Format YYYY-MM enthalten",,site/modules/FrontendForms/Formelements/Inputelements/Inputfields.php,e1c152c6ff80439f69e2db72bb3ade3b
"%s should be a valid HEX code in the format #XXX or #XXXXXX","%s muss ein gültiger Hexadecimal Code im Format #XXX oder #XXXXXX sein",,site/modules/FrontendForms/Formelements/Inputelements/Inputfields.php,98be58eb3446f813bc644faac5e42264
"%s should only contain a valid week in the format YYYY-Www","%s muss eine gültige Woche im Format YYYY-Www enthalten",,site/modules/FrontendForms/Formelements/Inputelements/Inputfields.php,b5636cc5ae7dc2e4495ac2dd2adada93
"%s should only contain a valid date in the format dd.MM.YYYY","%s sollte nur ein gültiges Datum im Format dd.MM.YYYY enthalten.",,site/modules/FrontendForms/Formelements/Inputelements/Inputfields.php,18ae9260caf7ce5a05c34b70bddff18c
"%s contains an invalid value","%s enthält einen ungültigen Wert",,site/modules/FrontendForms/Formelements/Inputelements/Inputfields.php,bb4345694f2874fabb71ab8e01c48df6
"%s should contain the exact value %s","%s muss genau den Wert %s enthalten",,site/modules/FrontendForms/Formelements/Inputelements/Inputfields.php,5023212f0c2560a1dfd4a1547f2e738c
"%s should not contain the value %s","%s darf nicht den Wert %s enthalten",,site/modules/FrontendForms/Formelements/Inputelements/Inputfields.php,5bf4df175a2c543ba607e1f8e8ffcd65
"%s should only contain a valid date in the format %s","%s darf nur ein gültiges Datum im Format %s enthalten",,site/modules/FrontendForms/Formelements/Inputelements/Inputfields.php,d8c7bf5cd88682b17b9f4b1eba991f92
"File upload","Datei Upload",,site/modules/FrontendForms/Formelements/Inputelements/Inputs/InputFile.php,c4265549c1f4d79aea1e279149a6a084
"Select files","Wählen Sie die Dateien aus",,site/modules/FrontendForms/Formelements/Inputelements/Inputs/InputFile.php,1afe200fa26ba361f59b603b22ad6392
Total,Gesamt,,site/modules/FrontendForms/Formelements/Inputelements/Inputs/InputFile.php,96b0141273eabab320119c467cdcaf17
"Show password","Passwort anzeigen",,site/modules/FrontendForms/Formelements/Inputelements/Inputs/InputPassword.php,a1cc7ba89ca3016cf59d7c31506a9681
"The password must be at least %s characters and must contain characters of the following categories: %s.","Das Passwort muss mindestes %s Zeichen lang sein und folgende Zeichen enthalten: %s.",,site/modules/FrontendForms/Formelements/Inputelements/Inputs/InputPassword.php,8bc6641f570b88866300ca703223bf6b
"The password must be at least %s characters.","Das Passwort muss mindestes %s Zeichen lang sein.",,site/modules/FrontendForms/Formelements/Inputelements/Inputs/InputPassword.php,3d55c273179acb11e30d1a53f8d8625e
Language,Sprache,,site/modules/FrontendForms/Formelements/Inputelements/Select/defaults/Language.php,4994a8ffeba4ac3140beb89e8d41f174
"To the page","Zur Seite",,site/modules/FrontendForms/Formelements/Textelements/Link.php,bea7931fd2f2e37616d0be40dd825860
Message,Nachricht,,site/modules/FrontendForms/Formelements/Inputelements/Textarea/defaults/Message.php,4c2a8fe7eaf24721cc7a9f0175115bd4
Name,Vorname,,site/modules/FrontendForms/Formelements/Inputelements/Inputs/defaults/Name.php,49ee3087348e8d44e1feda1917443987
Password,Passwort,"set default label",site/modules/FrontendForms/Formelements/Inputelements/Inputs/defaults/Password.php,dc647eb65e6711e155375218212b3964
"Password Confirmation","Passwort Bestätigung",,site/modules/FrontendForms/Formelements/Inputelements/Inputs/defaults/PasswordConfirmation.php,c2b7527a6421ad4a0c0089d87290d1cd
Phone,Telefon,,site/modules/FrontendForms/Formelements/Inputelements/Inputs/defaults/Phone.php,bcc254b55c4a1babdf1dcb82c207506b
"I accept the privacy policy","Ich akzeptiere die Datenschutzrichtlinien",,site/modules/FrontendForms/Formelements/Inputelements/Inputs/defaults/Privacy.php,28f678f8feb29d236b6dfcb02190ba21
"You have to accept our privacy policy","Sie müssen die Datenschutzrichtlinien akzeptieren",,site/modules/FrontendForms/Formelements/Inputelements/Inputs/defaults/Privacy.php,9a5b98e025ebe5fd1adbddccc94ad638
"Privacy Policy",Datenschutz-Richtlinien,,site/modules/FrontendForms/Formelements/Inputelements/Inputs/defaults/Privacy.php,fa2ead697d9998cbc65c81384e6533d5
"To the Privacy Policy page","Zur Seite mit den Datenschutz-Richtlininen",,site/modules/FrontendForms/Formelements/Inputelements/Inputs/defaults/Privacy.php,2b91037b0240c93155085ce8c0768cb9
"By submitting this form you agree to our %s.","Durch das Absenden des Formulars stimmen sie unseren %s zu.",,site/modules/FrontendForms/Formelements/Textelements/Defaults/PrivacyText.php,2c34ad3fc22ef60c91a73189e7f26e8e
"Terms of use and Privacy Policy","Bedingungen und Datenschutzbestimmungen",,site/modules/FrontendForms/Formelements/Textelements/Defaults/PrivacyText.php,953a9a5b5747639204478270493a532d
Reset,Zurücksetzen,,site/modules/FrontendForms/Formelements/Miscellaneous/defaults/ResetButton.php,526d688f37a86d3c3f27d0c5016eb71d
"Reverse string captcha","Umgekehrter Text Captcha",,site/modules/FrontendForms/Formelements/Captcha/variants/ReverseTextCaptcha.php,d8c8728824019c0866b958d0b2562edd
"Enter the text from the image in reverse order into the input field (from right to left).","Geben Sie den Text aus dem Bild in umgekehrter Reihenfolge (von rechts nach links) in das Eingabefeld ein.",,site/modules/FrontendForms/Formelements/Captcha/variants/ReverseTextCaptcha.php,167b8554feab7647d47863b05a0da92f
"Send a copy of my message to me","Eine Kopie dieser Nachricht an mich senden",,site/modules/FrontendForms/Formelements/Inputelements/Inputs/defaults/SendCopy.php,7313e5cce02f10d1d6a22dea1aedc9eb
"Math captcha","Mathematik Captcha",,site/modules/FrontendForms/Formelements/Captcha/variants/SimpleMathTextCaptcha.php,d0995c2ec8c5df0820426833eb777396
"Enter the result of the calculation in the input field.","Geben Sie das Ergebnis der Berechnung in das Eingabefeld ein.",,site/modules/FrontendForms/Formelements/Captcha/variants/SimpleMathTextCaptcha.php,dc841e6076d43a6c8b03338a39a97e68
"Simple question Captcha (Free text)","Einfache-Frage-Captcha (Freitext)",,site/modules/FrontendForms/Formelements/Captcha/variants/SimpleQuestionCaptcha.php,7f8c93e381be10c3cb9bebaa31387873
"Please answer the question.","Bitte beantworten Sie die Frage",,site/modules/FrontendForms/Formelements/Captcha/variants/SimpleQuestionCaptcha.php,dd037cafd7ea6b996985f42b3598e6d6
"Slider Captcha",=,,site/modules/FrontendForms/Formelements/Captcha/variants/SliderCaptcha.php,c323bd0275e1fed3b8343e450e3c7378
"Move a puzzle piece.","Bewegen Sie ein Puzzle-Stück",,site/modules/FrontendForms/Formelements/Captcha/variants/SliderCaptcha.php,eff39d161054adaf3995f2c7988aaef2
Subject,Betreff,,site/modules/FrontendForms/Formelements/Inputelements/Inputs/defaults/Subject.php,c7892ebbb139886662c6f2fc8c450710
Surname,Nachname,,site/modules/FrontendForms/Formelements/Inputelements/Inputs/defaults/Surname.php,8e55577a8ed3b20bff65d23c000280d4
"You have reached the maximum number of characters.","Sie haben die maximale Anzahl von Zeichen erreicht.",,site/modules/FrontendForms/Formelements/Inputelements/Textarea/Textarea.php,ef4384b98530cb2c2cdd7f9828d0ada2
"You have %s characters left.","Sie haben noch %s Zeichen übrig.",,site/modules/FrontendForms/Formelements/Inputelements/Textarea/Textarea.php,c265a6b5fe0229c56cdf89d9ff9d7754
Username,Benutzername,,site/modules/FrontendForms/Formelements/Inputelements/Inputs/defaults/Username.php,f6039d44b29456b20f8f373155ae4973
Gender,Anrede,,site/modules/FrontendForms/Formelements/Inputelements/Inputs/defaults/Gender.php,019ec3132cdf8ee0f2e2a75cf5d3e459
"Please select","Bitte auswählen",,site/modules/FrontendForms/Formelements/Inputelements/Inputs/defaults/Gender.php,992eda0d64a430fa5c7925d23ef9d0a3
Mister,Herr,,site/modules/FrontendForms/Formelements/Inputelements/Inputs/defaults/Gender.php,c4f448df316abb13eb7eada722c57902
Miss,Frau,,site/modules/FrontendForms/Formelements/Inputelements/Inputs/defaults/Gender.php,e7ddb7cd777b59610b220bcfa80bd95f
Diverse,Divers,,site/modules/FrontendForms/Formelements/Inputelements/Inputs/defaults/Gender.php,e67561dfc51195ce1ac515406291900e
Message,Nachricht,,site/modules/FrontendForms/Formelements/Inputelements/Inputs/defaults/Message.php,4c2a8fe7eaf24721cc7a9f0175115bd4
Reset,Zurücksetzen,,site/modules/FrontendForms/Formelements/Inputelements/Inputs/defaults/ResetButton.php,526d688f37a86d3c3f27d0c5016eb71d
"Please do not fill out this field","Bitte füllen Sie dieses Feld nicht aus",,site/modules/FrontendForms/Security/HoneypotGuard.php,e02d8cd38e0f708a9633f46793e31a27
"seconds left","Sekunden übrig",plural,site/modules/FrontendForms/Security/TimingGuard.php,c2d918e53348ee8896137bec79036f84
"second left","Sekunde übrig",singular,site/modules/FrontendForms/Security/TimingGuard.php,1793e600a6822489f25244c196a05085
"You have submitted the form within %s. This seems pretty fast for a human. Your behavior is more similar to a Spam bot. Please wait at least %s until you submit the form once more.","Sie haben das Formular innerhalb von % eingereicht. Das scheint für einen Menschen ziemlich schnell zu sein. Ihr Verhalten ähnelt eher dem eines Spam-Bots. Bitte warten Sie mindestens %s, bis Sie das Formular erneut einreichen.",,site/modules/FrontendForms/Security/TimingGuard.php,1196c16ef68e26acc46dae99fcc50522
"You have submitted the form after %s. This seems pretty slow for a human. Your behavior is more similar to a Spam bot. Please submit the form within %s the next time. You are blocked now and you have to close the browser to unlock, open it again and visit this page once more.","Sie haben das Formular nach %s eingereicht. Das scheint für einen Menschen ziemlich langsam zu sein. Ihr Verhalten ähnelt eher dem eines Spam-Bots. Bitte reichen Sie das Formular beim nächsten Mal innerhalb von % ein. Sie sind jetzt blockiert und müssen den Browser schließen. Danach müssen Sie ihn erneut öffnen um diese Seite erneut besuchen zu können.",,site/modules/FrontendForms/Security/TimingGuard.php,2447d344db3fb15973b24ddd51a615b8
month,Monat,,site/modules/FrontendForms/Security/TimingGuard.php,7436f942d5ea836cb84f1bb2527d8286
week,Woche,,site/modules/FrontendForms/Security/TimingGuard.php,172a8327fcd3685ab3c0f740d031da09
day,Tag,,site/modules/FrontendForms/Security/TimingGuard.php,628b7db04235f228d40adc671413a8c8
hour,Stunde,,site/modules/FrontendForms/Security/TimingGuard.php,896c55cc5e46fab38ce9f51ebf7bfcd3
minute,Minute,,site/modules/FrontendForms/Security/TimingGuard.php,0a7d55be9d12a369a6a8da0fb517fba4
second,Sekunde,,site/modules/FrontendForms/Security/TimingGuard.php,a9f0e61a137d86aa9db53465e0801612
and,und,,site/modules/FrontendForms/Security/TimingGuard.php,be5d5d37542d75f93a87094459f76678
"is not a valid week. Use the format YYYY-Www (e.g. 2023-W06).","ist keine gültige Kalenderwoche. Bitte verwende das Format JJJJ-Www (z. B. 2023-W06).",,site/modules/FrontendForms/Validation/ValidationRules/DateRules.php,517f147e900a0639e744394798b38d14
"is not a valid month. Use the format YYYY-MM (e.g. 2023-06).","ist kein gültiger Monat. Bitte verwende das Format JJJJ-MM (z. B. 2023-06).",,site/modules/FrontendForms/Validation/ValidationRules/DateRules.php,b0d908ec678733c7502c937c811a7a32
"is not a valid time. Use the format HH:MM or HH:MM:SS (e.g. 14:30).","ist kein gültiges Zeitformat. Verwenden Sie das Format HH:MM oder HH:MM:SS (z. B. 14:30).",,site/modules/FrontendForms/Validation/ValidationRules/DateRules.php,ebd6f3c1b3bc3828c5ed85710fa192b4
"must be before %s.","muss ein Datum vor %s sein.",,site/modules/FrontendForms/Validation/ValidationRules/DateRules.php,631c49fb2a0a41ae81fb7c7dc09a6571
"must be after %s.","muss ein Datum nach %s sein.",,site/modules/FrontendForms/Validation/ValidationRules/DateRules.php,b83a396a69b272c4b79df4a61c18009f
"must be within the allowed time range.","muss innerhalb des zulässigen Zeitraums liegen.",,site/modules/FrontendForms/Validation/ValidationRules/DateRules.php,265d89403b5c013461609c89ab268bc7
"must be outside the restricted time range.","muss außerhalb des eingeschränkten Zeitraums liegen.",,site/modules/FrontendForms/Validation/ValidationRules/DateRules.php,8fd6a6fab1412320fa0de60e984c37cc
"must be unique.","darf nicht bereits vorhanden sein.",,site/modules/FrontendForms/Validation/ValidationRules/EmailRules.php,64a2d51e07ddaa3c7891c4eb0a04b57e
"contains files whose file size exceeds the maximum server upload file size of %s per file.","enthält Dateien, deren Dateigröße die maximale Server-Uploadgröße von %s pro Datei überschreitet.",,site/modules/FrontendForms/Validation/ValidationRules/FileRules.php,0746f15ee8777d4d9b986ea1f9b320da
"contains files whose total file size exceeds the maximum allowed server upload file size of %s for all files together.","enthält Dateien, deren gesamte Dateigröße die maximal erlaubte Server-Uploadgröße von %s für alle Dateien zusammen überschreitet.",,site/modules/FrontendForms/Validation/ValidationRules/FileRules.php,2d44e1f3709b0b0b60ca5112d4ab4a44
"contains uploaded files whose total size exceeds %s.","enthält hochgeladene Dateien, deren Gesamtgröße %s überschreitet.",,site/modules/FrontendForms/Validation/ValidationRules/FileRules.php,04dd7e6cf9288571803ff2e96e6ef39f
"contains files whose total upload size exceeds the maximum of %s.","enthält Dateien, deren gesamte Upload-Größe das Maximum von %s überschreitet.",,site/modules/FrontendForms/Validation/ValidationRules/FileRules.php,ac1e597dcdc2a3fc67bcb55e89dca689
"contains at least one file that is larger than the allowed file size of %s.","enthält mindestens eine Datei, die größer ist als die erlaubte Dateigröße von %s.",,site/modules/FrontendForms/Validation/ValidationRules/FileRules.php,e5979030ccad3054f4c2ff42c94a6a88
"encountered an error during the upload.","ist beim Hochladen ein Fehler aufgetreten.",,site/modules/FrontendForms/Validation/ValidationRules/FileRules.php,693b2a5a5dd748e013b6198af3aec46f
"contains at least one file that has an invalid MIME type.","enthält mindestens eine Datei mit einem ungültigen MIME-Typ.",,site/modules/FrontendForms/Validation/ValidationRules/FileRules.php,fd60d93e97c6afdd52d60e46df574fa2
"contains at least one file that has a forbidden MIME type.","enthält mindestens eine Datei mit einem nicht erlaubten MIME-Typ.",,site/modules/FrontendForms/Validation/ValidationRules/FileRules.php,60bdea5e6f4fbd736f3a862b9a55705e
"contains at least one file that does not belong to the allowed file types: %s.","enthält mindestens eine Datei, die nicht zu den erlaubten Dateitypen gehört: %s.",,site/modules/FrontendForms/Validation/ValidationRules/FileRules.php,8df0f9a046c73a407032be0688664792
"contains at least one file with a forbidden file extension: %s.","enthält mindestens eine Datei mit einer nicht erlaubten Dateiendung: %s.",,site/modules/FrontendForms/Validation/ValidationRules/FileRules.php,9758cefdeadcd486e9d2fc0a8fb9a067
"contains more than %s files.","enthält mehr als %s Dateien.",,site/modules/FrontendForms/Validation/ValidationRules/FileRules.php,875503796e0edb5de80741dca5ed066a
"contains fewer than %s files.","enthält weniger als %s Dateien.",,site/modules/FrontendForms/Validation/ValidationRules/FileRules.php,49ccd07620c9a314fa38af7bcdba9790
"contains at least one file whose upload was rejected.","enthält mindestens eine Datei, deren Upload abgelehnt wurde.",,site/modules/FrontendForms/Validation/ValidationRules/FileRules.php,1002190a710f4fe5151143bccdc91c63
"is required.","ist erforderlich.",,site/modules/FrontendForms/Validation/ValidationRules/FileRules.php,ee66f9c9930cb33d2a5dde9b240d3f7e
"must not contain empty files.","darf keine leeren Dateien enthalten.",,site/modules/FrontendForms/Validation/ValidationRules/FileRules.php,2b00ce3258fa5473d2a8e8225ff834e7
"contains images whose dimensions are smaller than the minimum width and height of %s.","enthält Bilder, deren Abmessungen kleiner sind als die minimale Breite und Höhe von %s",,site/modules/FrontendForms/Validation/ValidationRules/FileRules.php,b662c0fbf0069c6d364ad46fc3ff9e62
"contains at least one image whose aspect ratio is not among the allowed aspect ratios: {1}.","enthält mindestens ein Bild, dessen Seitenverhältnis nicht zu den erlaubten Seitenverhältnissen entspricht: {1}.",,site/modules/FrontendForms/Validation/ValidationRules/FileRules.php,93d70b54efb0067fa6ebe5e93ae01049
"contains a file that shares its name with an existing file in the destination directory.","enthält eine Datei, deren Namen einer bestehenden Datei im Zielverzeichnis gleicht.",,site/modules/FrontendForms/Validation/ValidationRules/FileRules.php,bf330947ce194486a9bca42c565e6843
"is not a valid IBAN.","ist keine gültige IBAN.",,site/modules/FrontendForms/Validation/ValidationRules/FinancialRules.php,4817ffde994bd1a3a94835d0417faa75
"is not a valid BIC.","ist keine gültige BIC.",,site/modules/FrontendForms/Validation/ValidationRules/FinancialRules.php,d92479f7ad57b27feac462877771b8e2
"and username do not match.","und Benutzername stimmen nicht überein.",,site/modules/FrontendForms/Validation/ValidationRules/LoginRules.php,0692f1d96297b3d3ebb476ecb909b71f
"and email do not match.","und E-Mail stimmen nicht überein.",,site/modules/FrontendForms/Validation/ValidationRules/LoginRules.php,c557836813d5c70d5972372d2a7a9ed4
"is not correct.","ist nicht korrekt.",,site/modules/FrontendForms/Validation/ValidationRules/LoginRules.php,2f7e4c69803bcbdc44e9404b3e3ac19b
"is not a valid hexadecimal color code.","ist kein gültiger hexadezimaler Farbcode.",,site/modules/FrontendForms/Validation/ValidationRules/MiscellaneousRules.php,47d0b991eb42ea41be94a77c66ad608b
"is required.","ist erforderlich.",,site/modules/FrontendForms/Validation/ValidationRules/MiscellaneousRules.php,ee66f9c9930cb33d2a5dde9b240d3f7e
"does not meet the conditions.","erfüllt die Bedingungen nicht.",,site/modules/FrontendForms/Validation/ValidationRules/PasswordRules.php,a19a1f724a26244cf7542e78fce6082d
"is listed among the most common passwords and is therefore not secure. Please choose a different one.","ist in der Liste der häufigsten Passwörter enthalten und daher nicht sicher. Bitte wählen Sie ein anderes Passwort.",,site/modules/FrontendForms/Validation/ValidationRules/PasswordRules.php,6cd7b6d406ad010090de957f8a582b35
"must be different from the current password.","muss sich vom aktuellen Passwort unterscheiden.",,site/modules/FrontendForms/Validation/ValidationRules/PasswordRules.php,7ae6f0cdebc202761bd0eb26105419ee
"does not match the currently stored password.","stimmt nicht mit dem aktuell gespeicherten Passwort überein.",,site/modules/FrontendForms/Validation/ValidationRules/PasswordRules.php,2f270755db4b6a62f6006433c60163d5
"contains content that appears to be spam. Please avoid using more than 2 links, text shorter than 50 characters, excessive use of capital letters, common spam keywords, or multiple exclamation marks in a row (e.g. !!!!!).","enthält Inhalte, die wie Spam wirken. Bitte vermeiden Sie mehr als 2 Links, Texte mit weniger als 50 Zeichen, übermäßige Verwendung von Großbuchstaben, häufig verwendete Spam-Schlüsselwörter oder mehrere aufeinanderfolgende Ausrufezeichen (z. B. !!!!!).",,site/modules/FrontendForms/Validation/ValidationRules/SpamRules.php,af92de2a50e167d82fb0feec58d0a749
"is not correct.","ist nicht richtig.",,site/modules/FrontendForms/Validation/ValidationRules/SpamRules.php,2f7e4c69803bcbdc44e9404b3e3ac19b
"was not solved correctly.","wurde nicht richtig gelöst.",,site/modules/FrontendForms/Validation/ValidationRules/SpamRules.php,71e137b3ec4762c80863167ec01f71cb
"does not have the expected value.","enthält nicht den erwarteten Wert.",,site/modules/FrontendForms/Validation/ValidationRules/TextRules.php,3bfd649d64d7881e876082ba4296ea72
"is not different from the given value.","unterscheidet sich nicht vom vorgegebenen Wert.",,site/modules/FrontendForms/Validation/ValidationRules/TextRules.php,1b3b26005f85ec26d26c406e2d604a55
"does not contain the correct answer.","enhält nicht die richtige Antwort.",,site/modules/FrontendForms/Validation/ValidationRules/TextRules.php,f0b8295b9f9bd13d9312262cd70f1365
"contains characters that are not allowed. A Cyrillic name may only contain lowercase and uppercase letters (а-я) and hyphens, but no whitespace.","enthält Zeichen, die nicht erlaubt sind. Ein kyrillischer Name kann nur Klein- und Großbuchstaben (а-я) sowie Bindestriche enthalten, aber keine Leerzeichen.",,site/modules/FrontendForms/Validation/ValidationRules/TextRules.php,49b2b559e1b6ea96f3508dc155023d48
"contains letters, but this is not allowed.","enthält Buchstaben, diese sind aber nicht erlaubt.",,site/modules/FrontendForms/Validation/ValidationRules/TextRules.php,81528df11236c294939dc2d6ef6a07b6
"contains at least one number, but this is not allowed.","enhält mindestesn 1 Zahl, aber das ist nicht erlaubt.",,site/modules/FrontendForms/Validation/ValidationRules/TextRules.php,f72b05ac0a4658c473ef8b455ecf0dbb
"is already in use. Please enter a different value.","wird bereits verwendet. Bitte geben Sie einen anderen Wert ein.",,site/modules/FrontendForms/Validation/ValidationRules/TextRules.php,09e1d1816564a23aa73ff34af0abad3b
"contains characters that are not allowed in names.","enthält Zeichen , welche in Namen nicht erlaubt sind",,site/modules/FrontendForms/Validation/ValidationRules/TextRules.php,05e894f197ba11a9fa4ccacbaa54bea6
"is already in use. Please choose a different username.","ist bereits vergeben. Bitte wählen Sie einen anderen Benutzernamen.",,site/modules/FrontendForms/Validation/ValidationRules/UsernameRules.php,93032e55dd9344608037b854eb421f50
"does not meet the username requirements. A username must be between 3 and 30 characters long and may only contain lowercase letters (a-z), numbers, hyphens, underscores, and dots, with no spaces.","entspricht nicht den Anforderungen für Benutzernamen. Ein Benutzername muss zwischen 3 und 30 Zeichen lang sein und darf nur Kleinbuchstaben (a–z), Zahlen, Bindestriche, Unterstriche und Punkte enthalten. Leerzeichen sind nicht erlaubt.",,site/modules/FrontendForms/Validation/ValidationRules/UsernameRules.php,45410051a0f1e0e051d0659e328a87d9
"contains at least one ZIP archive with more than the allowed maximum of %s files.","enthält mindestens ein ZIP-Archiv mit mehr Dateien als die zulässige Höchstanzahl von %s Dateien.",,site/modules/FrontendForms/Validation/ValidationRules/ZipRules.php,77cbc184e465bcd0a014347b7dc86302
"contains a ZIP archive with fewer than the required minimum of %s files.","enthält ein ZIP-Archiv mit weniger Dateien als die erforderliche Mindestanzahl von %s Dateien.",,site/modules/FrontendForms/Validation/ValidationRules/ZipRules.php,1c3a75332a0f1757d09b01d1ea6f8b15
"contains a ZIP archive whose uncompressed files exceed the maximum total file size of %s.","enthält ein ZIP-Archiv, dessen entpackte Dateien die maximale Gesamtdateigröße von %s überschreitet.",,site/modules/FrontendForms/Validation/ValidationRules/ZipRules.php,9e3b06866962330d7013c46418e37926
"does not contain all required files inside the ZIP archive.","enthält nicht alle erforderlichen Dateien innerhalb des ZIP-Archivs.",,site/modules/FrontendForms/Validation/ValidationRules/ZipRules.php,26fe082934d697a0965d38c52bf74009
"contains more than the allowed maximum of %s ZIP archives.","enthält mehr als die zulässige Höchstanzahl von %s ZIP-Archiven.",,site/modules/FrontendForms/Validation/ValidationRules/ZipRules.php,4c5e1ab19e71d6161786bb19b48ed55e
"contains a ZIP archive with more nested folder levels than the allowed maximum of %s.","enthält ein ZIP-Archiv mit mehr verschachtelten Ordnerebenen als die zulässige Höchstanzahl von %s Ebenen.",,site/modules/FrontendForms/Validation/ValidationRules/ZipRules.php,d8ebbeaa2ccb6e8f0af052dbf7934794
"contains at least one file of a disallowed type.","enthält mindestens eine Datei eines nicht erlaubten Typs.",,site/modules/FrontendForms/Validation/ValidationRules/ZipRules.php,04a319fab486d27009813daa7fe1f599
"contains at least one file whose extension is not allowed.","enthält mindestens eine Datei mit einer nicht erlaubten Dateiendung.",,site/modules/FrontendForms/Validation/ValidationRules/ZipRules.php,28c3d0d2e001e75348d51860eed62856
"contains at least one forbidden file extension.","enthält mindestens eine verbotene Dateiendung.",,site/modules/FrontendForms/Validation/ValidationRules/ZipRules.php,bd26fbd30c9d542987f65e458291a3c9
"contains at least one file larger than the allowed maximum file size of %s.","enthält mindestens eine Datei, die die zulässige maximale Dateigröße von %s überschreitet.",,site/modules/FrontendForms/Validation/ValidationRules/ZipRules.php,7e17353e4f2f4265b8a97d208b3f2117
"Accepted answers","Akzeptierte Antworten",,site/modules/FrontendForms/config/questionFields.php,cce75deb233360295f6767182c938f32
"Add all accepted answers (each on a new line).","Fügen Sie alle akzeptierten Antworten hinzu (jede in einer neuen Zeile).",,site/modules/FrontendForms/config/questionFields.php,45d7ca50d976f3c4f755fa35821036d9
"Custom error message","Eigene Fehlermeldung",,site/modules/FrontendForms/config/questionFields.php,ecc06d754e4dda5735774f2cea9a3b68
"Set a custom error message if you want.","Geben Sie eine eigene Fehlermeldung ein, wenn Sie möchten.",,site/modules/FrontendForms/config/questionFields.php,8bd8b18e7770795be254c93810a372c4
"This will overwrite the default error message if the CAPTCHA answer was wrong.","Dies überschreibt die Standard-Fehlermeldung, wenn die Antwort auf die CAPTCHA-Frage falsch war.",,site/modules/FrontendForms/config/questionFields.php,e16385405c0f47ad2ceb370f74bc2ab9
"Success message",Erfolgsmeldung,,site/modules/FrontendForms/config/questionFields.php,eb348dd0d56400bd18e7c9e8d25cc666
"Set a custom success message if you want.","Geben Sie eine eigene Erfolgsmeldung ein, wenn Sie möchten.",,site/modules/FrontendForms/config/questionFields.php,2e63c4d559b627072de5a4b21f1eb32c
"This message will be shown, if the answer of the CAPTCHA was correct, but there were other errors.","Diese Meldung wird dann angezeigt, wenn die Antwort auf die CAPTCHA-Frage zwar richtig war, aber es noch weitere Fehler im Formular gab.",,site/modules/FrontendForms/config/questionFields.php,ce4c2231658c3a72e7aebe024e94aa51
"Placeholder text","Platzhalter Text",,site/modules/FrontendForms/config/questionFields.php,910370309c0af1e93df0ae98ff8cfe5a
"Set a placeholder text if you want.","Geben Sie einen Platzhalter-Text ein, wenn Sie möchten.",,site/modules/FrontendForms/config/questionFields.php,b973c03d6052d7606a019c01bfe3d5f6
"Notes text",Hinweistext,,site/modules/FrontendForms/config/questionFields.php,74d5e1805d45df0b13e9479aa6ff2560
"Set a notes text if you want.","Geben Sie einen Hinweistext ein, wenn Sie möchten.",,site/modules/FrontendForms/config/questionFields.php,8b110c326d0539657cfb11ea1c8872de
"The notes text will be displayed below the input field.","Der Hinweistext wird unterhalb des Eingabefeldes angezeigt.",,site/modules/FrontendForms/config/questionFields.php,5246e64a8eba26d147ac489b70f1d603
"Description text",Beschreibungstext,,site/modules/FrontendForms/config/questionFields.php,fc4c04ecf67db91c6464624c45b6d962
"Set a description text if you want.","Geben Sie einen Beschreibungstext ein, wenn Sie möchten.",,site/modules/FrontendForms/config/questionFields.php,b28adfe52910e98d754b219d946b5168
"The description text will be displayed below or above the label or below the input field.","Der Beschreibungstext wird ober- oder unterhalb der Feldbezeichnung oder unterhalb des Eingabefeldes angezeigt.",,site/modules/FrontendForms/config/questionFields.php,9208ed81e76d40f644bf2285b17f19f2
"Description position","Position für den Beschreibungstext",,site/modules/FrontendForms/config/questionFields.php,91261839ea22b9ecf95e5fbb89ec8583
"You can change the position of the description text if you want.","Sie können die Position des Beschreibungstextes ändern, wenn Sie möchten",,site/modules/FrontendForms/config/questionFields.php,9d9ec0ab13ea5dcc47e0265aea2de226
"This will overwrite the default description position.","Dies überschreibt die Standard-Position",,site/modules/FrontendForms/config/questionFields.php,46f1e762ce350d92ef565e24cfd6249e
"is already in use. Please choose a different username.","ist bereits in Gebrauch. Bitte wählen Sie einen anderen Benutzernamen.",,site/modules/FrontendForms/tests/UsernameRules.php,93032e55dd9344608037b854eb421f50
"does not meet the username requirements. A username must be between 3 and 30 characters long and may only contain lowercase letters (a-z), numbers, hyphens, underscores, and dots, with no spaces.","erfüllt nicht die Anforderungen für Benutzername. Ein Benutzername muss zwischen 3 und 30 Zeichen lang sein und darf nur Kleinbuchstaben (a-z), Zahlen, Bindestriche, Unterstriche und Punkte enthalten, keine Leerzeichen.",,site/modules/FrontendForms/tests/UsernameRules.php,45410051a0f1e0e051d0659e328a87d9
"This chart indicates how many questions belong to a certain status.","Dieses Diagramm zeigt, wie viele Fragen einem bestimmten Status angehören.",,site/modules/FrontendForms/FrontendFormsManager.module,7a3466881a14c754ac4a48106c1b4bb5
"This chart shows how many questions are displayed on the frontend (active) or not (inactive).","Dieses Diagramm zeigt, wie viele Fragen im Frontend angezeigt werden (aktiv) oder nicht (inaktiv).",,site/modules/FrontendForms/FrontendFormsManager.module,b6d75d0a454edfb28a9c5c048cb20b16
"List of all questions for the simple question CAPTCHA","Liste aller Fragen für das einfache Frage CAPTCHA",,site/modules/FrontendForms/FrontendFormsManager.module,11da7aac15a18bb4d6307c26d44f4c6f
"List of temporarily blocked IPs","Liste der vorübergehend gesperrten IPs",,site/modules/FrontendForms/FrontendFormsManager.module,81ec4869bae32a704d654f175ed5e531
"Add a new question","Eine neue Frage hinzufügen",,site/modules/FrontendForms/FrontendFormsManager.module,b67f92900c8c7f5541224d8d14107249
Status,=,,site/modules/FrontendForms/FrontendFormsManager.module,ec53a8c4f07baed5d8825072c89799be
Visibility,Sichtbarkeit,,site/modules/FrontendForms/FrontendFormsManager.module,1729a56cfc89021478498fe0c89a843a
total,gesamt,,site/modules/FrontendForms/FrontendFormsManager.module,fbb44b4487415b134bce9c790a27fe5e
published,veröffentlicht,,site/modules/FrontendForms/FrontendFormsManager.module,8f888fedf6bd5ff7c93c6d76bb8dc21c
unpublished,unveröffentlicht,,site/modules/FrontendForms/FrontendFormsManager.module,3ebd43fb0ca85e5d4aae6b6f19703a39
hidden,versteckt,,site/modules/FrontendForms/FrontendFormsManager.module,662f707d5491e9bce8238a6c0be92190
locked,gesperrt,,site/modules/FrontendForms/FrontendFormsManager.module,4cef2f30ac7d33419d00c1d93a090095
"Number of questions","Anzahl der Fragen",,site/modules/FrontendForms/FrontendFormsManager.module,41f480750b7d85340eee17c9c4c86d76
"Status types","Status Typen",,site/modules/FrontendForms/FrontendFormsManager.module,5d99646dc04ed596b3a8e3d5f0850221
"Number of question per status and total","Anzahl der Fragen pro Status und gesamt",,site/modules/FrontendForms/FrontendFormsManager.module,15d92a0b27416a4cf0353a2fc9ab47c0
active,aktiv,,site/modules/FrontendForms/FrontendFormsManager.module,c76a5e84e4bdee527e274ea30c680d79
inactive,inaktiv,,site/modules/FrontendForms/FrontendFormsManager.module,19d3894f53ce79c3f836f26cf8a3be3b
"Visibility types",Sichtbarkeits-Arten,,site/modules/FrontendForms/FrontendFormsManager.module,030d05d170cb366307d5429bba5565f9
"Number of active and inactive question and total","Anzahl der aktiven und inaktiven Fragen sowie gesamt",,site/modules/FrontendForms/FrontendFormsManager.module,d39bcbd03e435bfd2c2fd76836f73b44
"Questions for the SIMPLE TEXT CAPTCHA","Fragen für das EINFACHE FRAGE CAPTCHA",,site/modules/FrontendForms/FrontendFormsManager.module,b4c576f8a5b38eff98049ed9e4dc101a
"Manage all questions for the SIMPLE QUESTION CAPTCHA","Verwalten Sie alle Fragen für das EINFACHE FRAGE CAPTCHA",,site/modules/FrontendForms/FrontendFormsManager.module,250019d88eeca10932e3d40bb09ce3b5
"Questions statistics","Fragen Statistiken",,site/modules/FrontendForms/FrontendFormsManager.module,faec30dbd9ef07709d8c33fdd11cf66a
"List of all IPs that have been blocked temporarily","Liste aller IPs, die vorübergehend gesperrt wurden",,site/modules/FrontendForms/FrontendFormsManager.module,8512425380beff0a24d694b4ded45a3e
"Information about all IP addresses that have been temporarily blocked due to too many unsuccessful form submissions.","Informationen über alle IP-Adressen, die aufgrund von zu vielen erfolglosen Formularübermittlungen vorübergehend gesperrt wurden.",,site/modules/FrontendForms/FrontendFormsManager.module,a18c55268179c73b3aa46d9a14df495b
"Logging of blocked IPs is disabled.","Die Protokollierung blockierter IPs ist deaktiviert.",,site/modules/FrontendForms/FrontendFormsManager.module,7be7323cb06d3990bd8547f6871790c2
"FrontendForms configuration",FrontendForms-Einstellungen,,site/modules/FrontendForms/FrontendFormsManager.module,47a600951cdd2cd37077b29a27ff2e87
"If you want to show statistics about blocked IPs, you need to go to the %s and enable it first (Spam protection and security settings for the forms -> Measure 1: Restrict number of failed attempts).","Wenn Sie Statistiken über blockierte IPs anzeigen möchten, müssen Sie zuerst zu den %s gehen und die Protokollierung dort aktivieren (Spam-Schutz und Sicherheitseinstellungen für die Formulare -> Maßnahme 1: Anzahl der fehlgeschlagenen Versuche einschränken).",,site/modules/FrontendForms/FrontendFormsManager.module,ed20d52093a775ffe22177bdbcd71fa3
"Temporarily Blocked IPs","Vorübergehend blockierte IPs",,site/modules/FrontendForms/FrontendFormsManager.module,b66f727f1347d3c063dc4f8cc3edcd0d
"This chart shows the number of temporarily blocks for the 10 most temporarily blocked IPs in descending order.","Dieses Diagramm zeigt die Anzahl vorübergehender Sperrungen für die 10 am häufigsten vorübergehend gesperrten IPs in absteigender Reihenfolge.",,site/modules/FrontendForms/FrontendFormsManager.module,f98692d3cb41bd9be35703105edbcadb
"Number of temporary blockings","Anzahl der vorübergehenden Sperrungen",,site/modules/FrontendForms/FrontendFormsManager.module,d143d66368a0f6e0d6e43027a952f41c
IPs,=,,site/modules/FrontendForms/FrontendFormsManager.module,fef48b3b39a9c7cdf35ffca8bf736a75
"Number of temporarily blockings","Anzahl der vorübergehenden Sperrungen",,site/modules/FrontendForms/FrontendFormsManager.module,aa183e25ae52cc52433d8bf32d39bb1c
"Top 10 IPs with the most blockings","Top 10 IPs mit den meisten Sperrungen",,site/modules/FrontendForms/FrontendFormsManager.module,179c5a3e05d658ac00e7fce8f0d7f2a1
IP,=,,site/modules/FrontendForms/FrontendFormsManager.module,a12a3079e14ced46e69ba52b8a90b21a
"Number of blockings","Anzahl der Sperrungen",,site/modules/FrontendForms/FrontendFormsManager.module,ec6643b8937c561563dd33a8e91a617c
"Not blocked - The IP is not on the list of permanent blocked IPs (Blacklist).","Nicht blockiert - Die IP steht nicht auf der Liste der dauerhaft gesperrten IPs (Blacklist).",,site/modules/FrontendForms/FrontendFormsManager.module,258de28492189633a51ef184dda6f87b
"Blocked - The IP is currently on the list of permanent blocked IPs (Blacklist).","Blockiert - Die IP steht derzeit auf der Liste der dauerhaft gesperrten IPs (Blacklist).",,site/modules/FrontendForms/FrontendFormsManager.module,838b86b4a41333131eaf8865bf9bbb74
"To all temporarily blocked IPs","Zu allen temporär gesperrten IPs",,site/modules/FrontendForms/FrontendFormsManager.module,d886dadad6f4bbcbe945bea88b35637a
"At the moment there are no entries about temporarily blocked IPs in the log files.","Momentan gibt es keine Einträge über temporär gesperrte IPs in den Logfiles.",,site/modules/FrontendForms/FrontendFormsManager.module,30d18d49315732b23244f10874fa96dd
#,=,,site/modules/FrontendForms/FrontendFormsManager.module,01abfc750a0c942167651c40d088531d
"Number of blocks","Anzahl der Sperrungen",,site/modules/FrontendForms/FrontendFormsManager.module,02281719187ced2a9763531b2d5cde35
Info,=,,site/modules/FrontendForms/FrontendFormsManager.module,4059b0251f66a18cb56f544728796875
"Add/remove IP to/from the blacklist ","Hinzufügen/Entfernen der IP zu/von der Blacklist",,site/modules/FrontendForms/FrontendFormsManager.module,ceb2b8baee1c56db529c7f81e479ea03
"View details about this IP","Details zu dieser IP anzeigen",,site/modules/FrontendForms/FrontendFormsManager.module,f0b432894b4fa5276c7eda4168d20d6b
"IP is blocked","IP ist gesperrt",,site/modules/FrontendForms/FrontendFormsManager.module,d165be43dae15da6ca52506f826bb3d4
"Remove from blacklist","Von der Blacklist entfernen",,site/modules/FrontendForms/FrontendFormsManager.module,5ad3137edf46035a9faf9432f7cd0522
"Add to blacklist","Zur Blacklist hinzufügen",,site/modules/FrontendForms/FrontendFormsManager.module,218ccb4c1ea08f5bfb6cd390c3ba94e5
"IP is not blocked","IP is nicht gesperrt",,site/modules/FrontendForms/FrontendFormsManager.module,977f739fffa52c21a3c1eb749a3f8540
"Any IP addresses that are blacklisted will not be able to submit forms, because in this case the forms will not be displayed.","IP-Adressen, die auf der Blacklist stehen, können keine Formulare absenden, da die Formulare in diesem Fall nicht angezeigt werden.",,site/modules/FrontendForms/FrontendFormsManager.module,9813b9e89bf43bd820bfe520251c1bf4
"This is a security measure to exclude potential spammers.","Dies ist eine Sicherheitsmaßnahme, um potenzielle Spammer auszuschließen.",,site/modules/FrontendForms/FrontendFormsManager.module,08386e021693b022a97f42ffee376e0f
"There are no temporarily blocked IPs entries inside the log files.","Es gibt keine Einträge über vorübergehend Sperrungen von IPs in den Protokolldateien.",,site/modules/FrontendForms/FrontendFormsManager.module,6831e9348a1272be22fab169a550afd2
"Back to the dashboard","Zurück zur Übersicht",,site/modules/FrontendForms/FrontendFormsManager.module,86c9ce4b2e3b43353a23861c053a594b
"Manage all questions for the SIMPLE QUESTION CAPTCHA in one place.","Verwalten Sie alle Fragen für das EINFACHE FRAGE CAPTCHA an einem Ort.",,site/modules/FrontendForms/FrontendFormsManager.module,3d1b8b1393fde38144ad8ecba2a5fc68
Filter,=,,site/modules/FrontendForms/FrontendFormsManager.module,d7778d0c64b6ba21494c97f77a66885a
"Filter by question text","Filtern nach Fragen-Text",,site/modules/FrontendForms/FrontendFormsManager.module,a6ff831f0edf7f8005760a999cb60e19
"Filter questions by containing a specific word or phrase.","Filtern von Fragen anhand eines bestimmten Wortes oder einer Wortphrase",,site/modules/FrontendForms/FrontendFormsManager.module,cdab3dfcbbb5e5523be258f3207b0543
"Filter by status","Filtern nach Statuts",,site/modules/FrontendForms/FrontendFormsManager.module,5dd5cd6670a0fc8e47a47aa94d27b8b2
all,alle,,site/modules/FrontendForms/FrontendFormsManager.module,a181a603769c1f98ad927e7367c7aa51
"Filter questions according to their page status.","Filtern von Fragen anhand des Seiten-Status.",,site/modules/FrontendForms/FrontendFormsManager.module,000abf628b1abccf65a23698208fba18
"Filter by visibility","Filtern nach Sichtbarkeit",,site/modules/FrontendForms/FrontendFormsManager.module,603fbf05a5aa6253a7c6384853cb6689
"Filter whether the questions are used by the CAPTCHA or not.","Filtern anhand des Kritieriums, ob die Frage beim CAPTCHA angezeigt wird oder nicht.",,site/modules/FrontendForms/FrontendFormsManager.module,2c7c44365ac7c8e1fb5bc34f654c812f
"No questions have been created at the moment.","Im Moment wurden noch keine Frage erstellt",,site/modules/FrontendForms/FrontendFormsManager.module,70dfa5b7b0368e70377dcec64a197a8f
Question,Frage,,site/modules/FrontendForms/FrontendFormsManager.module,a97ea56b0e00b2379736ae60869ff66a
Created,"Erstellt am",,site/modules/FrontendForms/FrontendFormsManager.module,0eceeb45861f9585dd7a97a3e36f85c6
User,Benutzer,,site/modules/FrontendForms/FrontendFormsManager.module,8f9bfe9d1345237cb3b2b205864da075
"will be used (shown) as CAPTCHA question on the frontend","wird im Frontend beim CAPTCHA angezeigt",,site/modules/FrontendForms/FrontendFormsManager.module,797223ea50a1191aa3d0422321f76900
"will not be used (shown) as CAPTCHA question on the frontend","wird nicht im Frontend beim CAPTCHA angezeigt",,site/modules/FrontendForms/FrontendFormsManager.module,91f9f3dcf32e3b35db975d303846f22c
"There are no questions.","Es gibt keine Fragen.",,site/modules/FrontendForms/FrontendFormsManager.module,78132c6a7ffcd380dc877b1dbe22442e
"Add new question","Eine neue Frage erstellen",,site/modules/FrontendForms/FrontendFormsManager.module,2a3db08ece9db0589d17f4a28b9958f8
"If you want to use the SIMPLE QUESTION CAPTCHA, you can add, edit or delete the related questions in this section by clicking on the button below.","Wenn Sie das EINFACHE FRAGE CAPTCHA verwenden möchten, dann können Sie hier Frage erstellen, bearbeiten oder löschen indem Sie auf den Button weiter unten klicken.",,site/modules/FrontendForms/FrontendFormsManager.module,d0031a5235e9b380ac6e5bb32339871f
"Questions with status ""published""","Fragen mit Status ""veröffentlicht""",,site/modules/FrontendForms/FrontendFormsManager.module,ce0627ddbd2ef785a69b2dade92a6526
"Questions with status ""unpublished""","Fragen mit Status ""unveröffentlicht""",,site/modules/FrontendForms/FrontendFormsManager.module,b238945e7898bc2cede56b8869597000
"Questions with status ""hidden""","Fragen mit Status ""versteckt""",,site/modules/FrontendForms/FrontendFormsManager.module,9c85fc674962371bd807fbe470036600
"Questions with status ""locked""","Fragen mit Status ""gesperrt""",,site/modules/FrontendForms/FrontendFormsManager.module,e8ab2227c04f89d371197383d8357820
"Active questions (will be displayed on the frontend)","Aktive Fragen (werden im Frontend angezeigt)",,site/modules/FrontendForms/FrontendFormsManager.module,efb5e6d1eef98b26cf23e8c0173f40bd
"Inactive questions (will not be displayed on the frontend)","Inaktive Fragen (werden nicht im Frontend angezeigt)",,site/modules/FrontendForms/FrontendFormsManager.module,298f462198b72d314c26d68f806c476b
"Questions total","Gesamtanzahl aller Fragen",,site/modules/FrontendForms/FrontendFormsManager.module,dcd943b0f5e1a473f4803395af5e4706
"Add/edit/delete questions","Hinzufügen/bearbeiten/löschen von Fragen",,site/modules/FrontendForms/FrontendFormsManager.module,23f5c75c7b296cce7ec039ba05ffd91d
"Inherit from the default value","Vom Standardwert übernehmen",,site/modules/FrontendForms/FrontendFormsManager.module,f8c3bdf54db5392744acd4c74b3fb9af
"Above the label of the input field","Oberhalb der Eingabefeld-Bezeichnung (Label)",,site/modules/FrontendForms/FrontendFormsManager.module,67d69ad5b86f9485a1ffe5c3925fc540
"Below the label of the input field","Unterhalb der Eingabefeld-Bezeichnung (Label)",,site/modules/FrontendForms/FrontendFormsManager.module,ea516aff53231f573565309917786352
"Below the input field","Unterhalb des Eingabefeldes (Input)",,site/modules/FrontendForms/FrontendFormsManager.module,99496a9f358b973e5c475c6c38441cc7
"Pagination number for data tables","Paginationsnummer für Daten-Tabellen",,site/modules/FrontendForms/FrontendFormsManager.module,0f6125bce53a7f802da8d9feb2ae7e40
"Please select how many entries should be displayed inside a data table per page.","Bitte wählen Sie aus, wie viele Einträge in einer Datentabelle pro Seite angezeigt werden sollen.",,site/modules/FrontendForms/FrontendFormsManager.module,c8afe997985601d8ab23420fe9a9d5a3
"If the total number of entries inside the table is higher, the table will be paginated.","Wenn die Gesamtzahl der Einträge in der Tabelle höher ist, wird die Tabelle paginiert.",,site/modules/FrontendForms/FrontendFormsManager.module,cf74d4fba3d676998324ae2e6b7cff1b
"FrontendForms Manager",=,,site/modules/FrontendForms/FrontendFormsManager.module,1bc4ddb5b62b3fe81a7813f2f322c48a
"Additional administration page for the FrontendForms module.","Zusätzliche Verwaltungsseite für das FrontendForms-Modul.",,site/modules/FrontendForms/FrontendFormsManager.module,0ff317d3baaddf1705c924fa4c6c040f
